X,Y,ID,L,AZ
-3.185647220046256507e+02,-3.671834056001757176e+02,1.000000000000000000e+00,1.000008339766298917e+02,1.030322019802915321e+02
1.358915629527582496e+02,-3.779088056124855370e+02,2.000000000000000000e+00,1.000019860196219383e+02,8.567989651834808740e+01
-1.308455768529479428e+02,5.480971643126036952e+01,3.000000000000000000e+00,1.000010294602751628e+02,7.736455009786216408e+01
-7.486267876470515148e+01,-1.616320936620277848e+02,4.000000000000000000e+00,1.000002369819336536e+02,1.026167801449676915e+02
-2.516249552451859017e+02,-3.036874851142270586e+02,5.000000000000000000e+00,1.000012084194748923e+02,9.259206062066799348e+01
4.107835245614515074e+00,3.093196529418661385e+02,6.000000000000000000e+00,1.000011005379066233e+02,1.006346403456158782e+02
2.432254377140853876e+02,7.468481380297235717e+01,7.000000000000000000e+00,1.000009970254540690e+02,7.914498206143284165e+01
-7.138197171877364156e+01,1.308111411521026923e+02,8.000000000000000000e+00,1.000007367703927912e+02,9.049148282494499540e+01
-1.931056993695957260e+02,-2.586684252053309478e+02,9.000000000000000000e+00,1.000001678587461527e+02,8.228145652944773758e+01
-2.983024209086412881e+01,3.259671388821587925e+02,1.000000000000000000e+01,1.000002215800830214e+02,8.706111947999158929e+01
2.890422116242103243e+02,1.233537574998247095e+02,1.100000000000000000e+01,1.000025450463944026e+02,9.301050305013899333e+01
-3.997246816445834270e+02,2.763773674303745338e+02,1.200000000000000000e+01,1.000005602598057521e+02,9.406407869562016799e+01
-4.032000691804537240e+01,1.617063845845802064e+02,1.300000000000000000e+01,1.000004558220122419e+02,9.469568511717575632e+01
7.200804258369868194e+01,-2.374614508211016073e+01,1.400000000000000000e+01,1.000005151583881258e+02,8.927368995126022355e+01
4.164595869451243288e+02,-1.595368981752516220e+02,1.500000000000000000e+01,1.000006081651608270e+02,9.946790971073221499e+01
3.709876426204368727e+01,2.252965015032694396e+02,1.600000000000000000e+01,1.000011724803583633e+02,7.931397824774361993e+01
7.061381679120096067e+01,2.952147944553061052e+02,1.700000000000000000e+01,1.000000976999112510e+02,9.135825416996867432e+01
-1.989920540478134114e+02,-2.894573631443389559e+02,1.800000000000000000e+01,1.000019266813321934e+02,8.778756011715417173e+01
-3.565263724876784863e+02,2.155516672825970375e+02,1.900000000000000000e+01,1.000007864164204676e+02,9.198518270327471669e+01
3.991749569452641708e+02,-3.292768034684986844e+01,2.000000000000000000e+01,1.000010229346766124e+02,1.017529701546952055e+02
-1.616286716219906623e+02,4.142897985322526324e+02,2.100000000000000000e+01,1.000017650342968238e+02,9.912716399054264116e+01
1.253185482912006137e+02,-3.618101311997409653e+01,2.200000000000000000e+01,1.000006848233955878e+02,8.392087121870216038e+01
-2.779185919478375126e+02,1.915323425851616719e+02,2.300000000000000000e+01,1.000002514912909959e+02,8.648454585155036511e+01
-4.506499673679011835e+02,-2.138317660422927418e+02,2.400000000000000000e+01,1.000032465396053993e+02,9.650492245069091268e+01
-2.762153891501342855e+02,3.619100122614276529e+02,2.500000000000000000e+01,1.000009685166270117e+02,8.271771888040113652e+01
-3.000934283587570803e+02,2.495927747411522830e+02,2.600000000000000000e+01,1.000023036184554144e+02,9.630042094978918499e+01
1.757630004498663254e+02,2.991405113207111413e+02,2.700000000000000000e+01,1.000001810752475535e+02,7.738933781085124508e+01
-3.246217225303750809e+01,1.806300506307873093e+02,2.800000000000000000e+01,1.000006785328600358e+02,7.785893155711912073e+01
-9.060485513293889070e+00,1.382111538475538453e+02,2.900000000000000000e+01,1.000004502336770713e+02,1.013386307302599789e+02
-9.828271503407823673e+01,-3.099839028916097163e+02,3.000000000000000000e+01,1.000009046177239895e+02,9.295291080736693345e+01
4.224241460907128385e+02,1.648299098435009853e+02,3.100000000000000000e+01,1.000014069724694679e+02,8.251570568277239204e+01
-1.956647391027247238e+02,-6.718735816854167808e+01,3.200000000000000000e+01,1.000023864600833434e+02,9.185749017422196516e+01
-4.361913698764296896e+02,-1.185639318626039653e+02,3.300000000000000000e+01,1.000008675044600466e+02,1.025240001937616512e+02
-2.094900984323022897e+02,3.061915400862322656e+01,3.400000000000000000e+01,1.000019022516831484e+02,9.825897711857447803e+01
-2.098080203305311784e+02,1.193510321086546924e+02,3.500000000000000000e+01,1.000001107905391677e+02,8.683076814933875198e+01
4.675410683551588704e+02,1.638182371325146107e+02,3.600000000000000000e+01,1.000008023525026601e+02,9.068189156800454498e+01
-5.067149322928785438e+01,-3.439724487571490386e+02,3.700000000000000000e+01,1.000018129162567107e+02,8.213534082613639953e+01
4.686416019946914702e+01,2.340490962663543542e+02,3.800000000000000000e+01,1.000008704512503925e+02,9.193707301312511504e+01
-1.967334072127203726e+01,-1.602346174316120653e+02,3.900000000000000000e+01,1.000006019941499318e+02,8.759602332285396642e+01
8.224330596699813611e+01,-1.157650151589952827e+02,4.000000000000000000e+01,1.000009723464597329e+02,9.550574777142611538e+01
-2.634379774184413918e+02,-3.079646246663946840e+02,4.100000000000000000e+01,1.000008820745032381e+02,8.949301731118981706e+01
4.462439458221277846e+02,-3.647694301829513108e+01,4.200000000000000000e+01,1.000009416362241694e+02,7.577773506248341562e+01
3.488966949532807007e+02,-1.094003161516911291e+02,4.300000000000000000e+01,1.000009564571798393e+02,7.571056029089086792e+01
3.017665825511841149e+02,-2.137646142887925294e+02,4.400000000000000000e+01,1.000000473176796447e+02,9.908241141732852952e+01
1.860913180866405128e+02,-4.308100286445908864e+02,4.500000000000000000e+01,1.000016243478379039e+02,9.854476322113970355e+01
4.199813484789027598e+02,-3.195269457242025979e+01,4.600000000000000000e+01,1.000010380982444360e+02,8.113004225523398816e+01
-1.318224498365543127e+02,5.232385760309330180e+01,4.700000000000000000e+01,1.000016145555965323e+02,1.039671638695707969e+02
2.305164594921992887e+02,1.245322386667053820e+02,4.800000000000000000e+01,1.000001968932115801e+02,8.015456863655151665e+01
-2.498248000704210767e+02,-3.446748249126031851e+02,4.900000000000000000e+01,1.000002191614892695e+02,7.703460453514253459e+01
1.350717472301049611e+02,1.936002656800343118e+02,5.000000000000000000e+01,1.000005982019200417e+02,7.677163230312723385e+01
-1.147311800803658741e+02,-3.409201469808971297e+02,5.100000000000000000e+01,1.000003788472865267e+02,8.429160454769542810e+01
-1.649210772680388573e+02,-1.945551578099251913e+02,5.200000000000000000e+01,1.000020483202160619e+02,9.024199959458087505e+01
-2.918037627909431464e+01,4.295528885907504559e+02,5.300000000000000000e+01,1.000013261700422902e+02,9.285407544702627547e+01
-8.195375139956504995e+01,2.546623836880580996e+02,5.400000000000000000e+01,1.000022383295025747e+02,8.275888783301743956e+01
8.073791761599704131e+00,2.604417763607582401e+02,5.500000000000000000e+01,1.000000250938414297e+02,8.334394881357184204e+01
-2.247046285454989629e+02,1.869206008911039874e+02,5.600000000000000000e+01,1.000008819707646239e+02,8.897143251621254478e+01
-2.229163018861075329e+02,2.083966558506157298e+02,5.700000000000000000e+01,1.000005076462143734e+02,7.704845174799081065e+01
4.851539552778582447e+02,1.075614284350657783e+02,5.800000000000000000e+01,1.000001218512780667e+02,1.024694205789932084e+02
2.234600242882766707e+01,-4.608352480612868476e+02,5.900000000000000000e+01,1.000003273557661174e+02,8.047840313723766315e+01
2.693638118068206495e+02,1.083005554810432436e+01,6.000000000000000000e+01,1.000003428242060721e+02,1.043706400789669715e+02
-5.447445416619117253e+01,-1.277673993105287877e+02,6.100000000000000000e+01,1.000020527303311155e+02,9.533448595903250578e+01
-2.384814505457160863e+02,-8.120883452779605705e+01,6.200000000000000000e+01,1.000012231308461850e+02,7.949529739455252297e+01
-2.299199734580155337e+02,-6.734029806287014708e+01,6.300000000000000000e+01,1.000003720084295935e+02,7.691331999355774940e+01
-1.626700612751674555e+02,1.439545577829868535e+02,6.400000000000000000e+01,1.000001986833663778e+02,8.462488616838632538e+01
-9.344341873271427801e+01,-3.223450877278170310e+02,6.500000000000000000e+01,1.000001920674989435e+02,7.870564832477171535e+01
3.131828760797924360e+02,3.681030817339732835e+02,6.600000000000000000e+01,1.000008175454943853e+02,9.992335416124622327e+01
-8.988310091116858302e+01,-3.161512148578465826e+02,6.700000000000000000e+01,1.000000321251485644e+02,9.222556830973050523e+01
-1.779998111775690859e+02,-1.382800421117532323e+02,6.800000000000000000e+01,1.000032646609069928e+02,7.762255794817417609e+01
-2.525431593475880643e+00,-2.961628790865955239e+02,6.900000000000000000e+01,1.000006117550467479e+02,9.972517463624861023e+01
-2.269044412486047406e+02,-1.764379314222078960e+02,7.000000000000000000e+01,1.000000290854678298e+02,9.219139037669371817e+01
-4.478751944596477301e+02,4.910120880751233585e+01,7.100000000000000000e+01,1.000017094459331872e+02,9.900745768159596594e+01
2.701976257434340667e+01,3.471283422247159933e+02,7.200000000000000000e+01,1.000002290511367846e+02,9.760006674514384883e+01
-1.600855139887374321e+02,1.249293885534556523e+02,7.300000000000000000e+01,1.000005595169001822e+02,8.455297689409107420e+01
-2.104436166848568632e+02,-2.459491679354730120e+00,7.400000000000000000e+01,1.000007813645708694e+02,7.889339315912960160e+01
2.736808837368940317e+02,-2.043677280953885713e+02,7.500000000000000000e+01,1.000007680548278870e+02,7.815396026337334945e+01
2.437680062909880121e+02,-1.543453360992035357e+02,7.600000000000000000e+01,1.000009096597264602e+02,8.826006696684751773e+01
2.255716644769329378e+02,-4.717318016580568241e+01,7.700000000000000000e+01,1.000016727169984705e+02,8.821565432145675345e+01
2.294561611416489484e+02,2.331761063009486747e+02,7.800000000000000000e+01,1.000009653034454828e+02,1.020543935552216368e+02
1.691395217680944540e+02,-1.937514475683495334e+02,7.900000000000000000e+01,1.000002402197762734e+02,7.598575067243432102e+01
2.828214035519102154e+01,4.473686203094518419e+02,8.000000000000000000e+01,1.000005416411652135e+02,9.326676995423366634e+01
3.270736806335174265e+02,1.115516144077628979e+02,8.100000000000000000e+01,1.000025385985923378e+02,1.006195223920657895e+02
3.223664872672795667e+01,4.574783346120211718e+02,8.200000000000000000e+01,1.000000503411015700e+02,8.174983622015376739e+01
6.786208740571922249e+01,2.695559865669711144e+02,8.300000000000000000e+01,1.000031168974487912e+02,1.016204571176915579e+02
-1.173880674756150171e+02,-1.098889022738623282e+02,8.400000000000000000e+01,1.000017417353687961e+02,8.214489425684901391e+01
-3.640631408257714838e+02,-7.487196428707535745e+01,8.500000000000000000e+01,1.000020594017258020e+02,8.427726414186889770e+01
6.782250303117346846e+01,-9.784916983042501215e+01,8.600000000000000000e+01,1.000000100272914807e+02,8.182039697941377199e+01
1.475553422719155208e+02,-1.241417708974233705e+02,8.700000000000000000e+01,1.000018357118222667e+02,9.645943220457986911e+01
-2.584564706927117186e+02,3.139852954108415588e+02,8.800000000000000000e+01,1.000001036828839460e+02,8.140025585068350722e+01
7.754072376578733383e+00,-4.802513096669251809e+02,8.900000000000000000e+01,1.000018331973557650e+02,7.943795849850619106e+01
-6.660139425572848992e+00,8.148728513175169041e+01,9.000000000000000000e+01,1.000014252178199996e+02,8.415391794743483445e+01
3.975645494128917790e+02,3.280530645921733424e+01,9.100000000000000000e+01,1.000026050618321420e+02,8.842983944998957213e+01
3.542545139100612346e+02,-1.734980725677087605e+02,9.200000000000000000e+01,1.000017832352229448e+02,8.780158292603466919e+01
1.747481050087498318e+02,-2.597779443941305999e+02,9.300000000000000000e+01,1.000002827212158394e+02,8.941187296026947706e+01
3.563566609821846214e+02,3.269337641099986627e+02,9.400000000000000000e+01,1.000001042532496314e+02,9.559528970320747021e+01
4.695185711555481021e+02,5.398601195701472477e+01,9.500000000000000000e+01,1.000003548214424711e+02,1.040685011334566923e+02
-2.996458423167669594e+02,-3.521545147415377528e+02,9.600000000000000000e+01,1.000000536428366331e+02,7.558322001814545388e+01
-2.617776710694391795e+01,4.152676538011469347e+02,9.700000000000000000e+01,1.000012375978684247e+02,9.934762806913731481e+01
-6.444346267881466872e+01,2.949138809928152227e+02,9.800000000000000000e+01,1.000005123417442263e+02,9.278979254132323717e+01
3.526479966648519166e+02,-1.849947041965099572e+02,9.900000000000000000e+01,1.000014018557605908e+02,1.027545795395757295e+02
-3.396693778901612291e+02,2.709021207725932001e+01,1.000000000000000000e+02,1.000022702215614743e+02,8.321064788102519572e+01
3.576869965366810078e+01,-3.311069384504929047e+01,1.010000000000000000e+02,1.000016110258528101e+02,7.929827220073093486e+01
5.955626187212552480e+01,4.956102228906453888e+02,1.020000000000000000e+02,1.000008603418152973e+02,8.555370409100187601e+01
-4.596570192768266452e+02,4.614685974020106585e+01,1.030000000000000000e+02,1.000006541001354066e+02,9.779987175338402494e+01
1.068274329853157241e+02,-4.482998168725823263e+01,1.040000000000000000e+02,1.000002660889458781e+02,8.061153185650314867e+01
-2.611052099189878390e+02,-3.210391972312735334e+02,1.050000000000000000e+02,1.000001819307459527e+02,8.632517301640227458e+01
1.932268224016262650e+02,3.173664764783488295e+02,1.060000000000000000e+02,1.000009408482318349e+02,8.441358179182230970e+01
3.128891937547383577e+02,3.360585102912891671e+02,1.070000000000000000e+02,1.000005150019213289e+02,8.843118010193913392e+01
-2.058988260209031296e+02,-1.929344917013848146e+02,1.080000000000000000e+02,1.000065139019499441e+02,8.536272161018908378e+01
2.203650149897297865e+02,-3.937723443545896540e+00,1.090000000000000000e+02,1.000049786669829217e+02,7.790577894986756746e+01
-1.516568032709898830e+02,-3.579643501873352989e+02,1.100000000000000000e+02,1.000016853798940843e+02,1.035927103644407907e+02
2.922451203412758787e+02,1.481767893828342721e+02,1.110000000000000000e+02,1.000008724664749593e+02,9.202091350515345880e+01
6.211078452534563610e+01,9.431952292895026346e+01,1.120000000000000000e+02,1.000002343009871453e+02,8.476199318293569718e+01
7.491368569259228138e+01,-2.936687278888545052e+02,1.130000000000000000e+02,1.000006795096594487e+02,9.323203894796786528e+01
3.535347911152153983e+02,-1.891886846680412191e+02,1.140000000000000000e+02,1.000003105235501550e+02,8.957216349376777487e+01
-3.105491386968025722e+02,1.639269066305282081e+02,1.150000000000000000e+02,1.000002596439147169e+02,1.021242448067897897e+02
-1.216461027534534054e+02,4.539577265563104191e+01,1.160000000000000000e+02,1.000003053058654103e+02,8.382821405045207541e+01
-1.387620004243747189e+02,-3.549356876562094385e+02,1.170000000000000000e+02,1.000005291447461531e+02,9.171652660220129860e+01
1.113439293392093106e+02,-2.362568501589987591e+02,1.180000000000000000e+02,1.000030504324976448e+02,9.472678611808277083e+01
1.503792463735112790e+02,-4.104035491385952810e+02,1.190000000000000000e+02,1.000008441266162293e+02,7.898093022306301236e+01
2.894373853100277643e+02,-3.711206150889511264e+02,1.200000000000000000e+02,1.000026977426929733e+02,9.462104653624149364e+01
2.115988345722618362e+02,3.973771113692517361e+02,1.210000000000000000e+02,1.000004905520957408e+02,9.135966339783743706e+01
-1.813225548313177882e+01,3.155503693534948866e+02,1.220000000000000000e+02,1.000014622098771611e+02,8.964802625995966423e+01
-6.997194852154437683e+01,4.671399808842291179e+01,1.230000000000000000e+02,1.000010578317133536e+02,9.427137548341048046e+01
2.552592235142408299e+02,6.141965078643895026e+01,1.240000000000000000e+02,1.000037931161191835e+02,9.311468568127024525e+01
-9.748551719518412995e+01,4.726764784546960527e+02,1.250000000000000000e+02,1.000030224980789058e+02,1.010250187238018356e+02
4.216532864253395907e+00,-1.428808903828123391e+02,1.260000000000000000e+02,1.000008288372339109e+02,9.658264207614048757e+01
-3.197929401545646897e+02,1.454086707761063337e+02,1.270000000000000000e+02,1.000012181302075192e+02,7.928348092860906604e+01
-4.450058302739058718e+02,-2.923578921289609500e+00,1.280000000000000000e+02,1.000011306774000133e+02,7.778467260493404467e+01
-2.971815474486321591e+02,-6.790975848407084925e+01,1.290000000000000000e+02,1.000015107645885450e+02,9.556944247136833326e+01
-1.124391981076434774e+02,-2.695164095736717513e+02,1.300000000000000000e+02,1.000009405402511220e+02,1.004106913887028298e+02
2.645764497352272926e+01,1.536392411516286245e+02,1.310000000000000000e+02,1.000005392959747468e+02,1.015316291374549564e+02
-1.919142666259063290e+01,-2.099165694220334188e+01,1.320000000000000000e+02,1.000002549042956872e+02,7.795980938425240936e+01
-4.438618300540597374e+02,2.145443897780025679e+02,1.330000000000000000e+02,1.000024390168960906e+02,1.016997690178586140e+02
3.708472267756842200e+01,-5.777327527434169951e+01,1.340000000000000000e+02,1.000001039627422585e+02,9.349244555602261642e+01
-1.230688253886644361e+02,-3.879127952281447165e+02,1.350000000000000000e+02,1.000007510744398900e+02,8.113722570422831382e+01
-5.524157367967251275e+01,2.468582744754323244e+02,1.360000000000000000e+02,1.000004994589206433e+02,9.362468587079058580e+01
1.871160693467686542e+02,1.029971534270055002e+02,1.370000000000000000e+02,1.000005539505686585e+02,8.690180245102403944e+01
1.747601690364645890e+02,4.307146570299111090e+02,1.380000000000000000e+02,1.000013742681294957e+02,8.663566641018694270e+01
-8.287833842868774781e+00,3.559048814060062682e+01,1.390000000000000000e+02,1.000029345959476501e+02,9.741529884432820552e+01
-4.534451128002502855e+02,-1.523866757120255784e+02,1.400000000000000000e+02,1.000010551273465609e+02,8.575001636506738123e+01
-3.966605300580176845e+02,-1.614083785768154655e+02,1.410000000000000000e+02,1.000008692881829688e+02,8.216344702577580961e+01
-5.248772721188442958e+00,1.452777219448799428e+02,1.420000000000000000e+02,1.000009706767176425e+02,8.419563791773298078e+01
-4.565352607526762085e+02,8.964529888111658806e+01,1.430000000000000000e+02,1.000004417800547145e+02,1.047979816049816151e+02
-1.165470145581510621e+02,4.625422481528457297e+02,1.440000000000000000e+02,1.000003460165434177e+02,1.010329014052782099e+02
1.098862236691542336e+02,1.876755839620318511e+02,1.450000000000000000e+02,1.000012825431947761e+02,1.007019659127118132e+02
-2.055744953960250712e+02,-2.823878142943746639e+02,1.460000000000000000e+02,1.000006402158752508e+02,7.630104412178314988e+01
3.218116605684068077e+02,2.039616329737100386e+02,1.470000000000000000e+02,1.000000280165160831e+02,1.002107960431920617e+02
-2.619533907855313704e+00,-4.583032369107179704e+01,1.480000000000000000e+02,1.000017263896626645e+02,9.178226911494101614e+01
1.077495003925449026e+02,-1.831104372842414989e+02,1.490000000000000000e+02,1.000021230551935787e+02,1.000778322961361368e+02
3.671480459785919948e+02,1.748699310836354925e+02,1.500000000000000000e+02,1.000004895604390072e+02,9.858348309391951148e+01
-7.253490619433556219e+01,-7.881546361377063192e+01,1.510000000000000000e+02,1.000003841441374846e+02,9.124958137331165631e+01
-1.297658216171858498e+02,2.840738230028219959e+02,1.520000000000000000e+02,1.000000579984887281e+02,1.012989365554075931e+02
-2.832344978386207117e+02,-2.597657946513848515e+02,1.530000000000000000e+02,1.000016764863707976e+02,8.927606440969532287e+01
1.429647069365916146e+01,2.125693967321293485e+02,1.540000000000000000e+02,1.000022650997260314e+02,8.031223626747676292e+01
1.130388856376931841e+02,-2.160391239547266764e+02,1.550000000000000000e+02,1.000005830516641652e+02,7.749780844377792732e+01
-1.411225415384149642e+02,-3.855311786178658053e+02,1.560000000000000000e+02,1.000005086767867084e+02,9.723797763705738362e+01
-2.672925466351364676e+01,-5.514987614315746356e+01,1.570000000000000000e+02,1.000007358035812643e+02,7.991598719058173117e+01
1.708581458943095299e+02,2.543181699614407876e+02,1.580000000000000000e+02,1.000004420753430878e+02,8.212715004174927458e+01
4.092032180186968731e+02,-2.823560537466040898e+01,1.590000000000000000e+02,1.000006392001584459e+02,9.227730996479563430e+01
1.953118332833768704e+02,-3.536609740767939059e+01,1.600000000000000000e+02,1.000017231808852500e+02,9.200461417340946468e+01
1.362365574035321174e+02,3.598234525823882564e+02,1.610000000000000000e+02,1.000001505245355986e+02,9.592723935477297914e+01
-3.467811113957181419e+02,8.176811213806504952e+01,1.620000000000000000e+02,1.000002229309732087e+02,9.722935146574978660e+01
-5.976803081035639309e+01,-4.818657488108675579e+02,1.630000000000000000e+02,1.000012833241981269e+02,7.819501508772422937e+01
2.053451020263612463e+02,9.789802734492745628e+01,1.640000000000000000e+02,1.000003670831561777e+02,9.535278005027298320e+01
-1.893363932522420896e+02,-2.851798502390099088e+02,1.650000000000000000e+02,1.000009240290850272e+02,1.043704798745555138e+02
-3.507012661282315662e+02,1.257544803121057839e+02,1.660000000000000000e+02,1.000072446883957866e+02,8.444791506125061176e+01
2.255800615565247824e+02,3.371119604198096908e+02,1.670000000000000000e+02,1.000002369990602489e+02,1.020325779257063488e+02
2.784015968426134577e+02,1.109384398345629208e+01,1.680000000000000000e+02,1.000001184522944158e+02,9.140741096419301925e+01
-3.092495275860914603e+02,-1.092548227841549959e+02,1.690000000000000000e+02,1.000028034325417252e+02,9.955901869150098094e+01
-3.873373274667285671e+01,4.568675315557539562e+01,1.700000000000000000e+02,1.000002431185958329e+02,9.625620467047684770e+01
-1.500952781607683733e+02,1.554293499224119728e+02,1.710000000000000000e+02,1.000008154906821431e+02,7.861149521815713115e+01
4.738702886239048553e+02,-4.290959395501608498e+01,1.720000000000000000e+02,1.000005688061632156e+02,9.660338893662608939e+01
-9.051859331926941366e+01,-3.680984867749496061e+02,1.730000000000000000e+02,1.000017031409740298e+02,1.035815148877751142e+02
-8.647930050627023491e+01,-2.715757791365201683e+02,1.740000000000000000e+02,1.000000150907187191e+02,9.935893515029978573e+01
1.631869900567022285e+02,3.580638275319226977e+02,1.750000000000000000e+02,1.000028376661699241e+02,7.574567583984006092e+01
-4.559164563817950580e+02,-6.931072559998662541e+01,1.760000000000000000e+02,1.000006361746154511e+02,1.033432357811743998e+02
-2.353178141469925890e+02,-6.541210139250034672e+01,1.770000000000000000e+02,1.000010132439388144e+02,1.032701991153035976e+02
-4.667011358929202380e+00,4.946443154675698111e+02,1.780000000000000000e+02,1.000040289122560750e+02,1.042452137061507358e+02
1.883113466363145108e+02,-4.364639129220155382e+02,1.790000000000000000e+02,1.000000906603369657e+02,8.133010721017051026e+01
-6.898154031453823620e+01,-4.926368700125591999e+02,1.800000000000000000e+02,1.000006159324269674e+02,8.092247589115770268e+01
1.777987600534240755e+02,-3.243787396133222245e+01,1.810000000000000000e+02,1.000008484209656672e+02,7.563302644369802863e+01
4.581465475002342487e+02,-7.186165218995184034e+01,1.820000000000000000e+02,1.000005852335540908e+02,1.008906875228666564e+02
-2.861674793540570931e+02,-3.421618120115008566e+01,1.830000000000000000e+02,1.000003531777160504e+02,9.083592712203092390e+01
2.394537197228501100e+02,-3.192335605872494853e+02,1.840000000000000000e+02,1.000004225588838835e+02,8.353064247463520076e+01
-4.449362243659554679e+02,1.197228002934805318e+02,1.850000000000000000e+02,1.000015115077821122e+02,7.567279555149492865e+01
2.599031338562763267e+02,4.245634529832151998e+02,1.860000000000000000e+02,1.000019398209119004e+02,8.052951450914474663e+01
2.894136221158101563e+01,-6.445171989091200260e+01,1.870000000000000000e+02,1.000003604370176618e+02,8.265514219969811904e+01
-1.895926970032506347e+02,4.136660994787957861e+02,1.880000000000000000e+02,1.000004562051468184e+02,9.566883164898291625e+01
8.705693654551770067e+01,-1.006263912633016986e+02,1.890000000000000000e+02,1.000000114764099521e+02,9.247934980671578842e+01
-4.133413637318653855e+01,-4.062312364785898353e+02,1.900000000000000000e+02,1.000004951155128339e+02,8.945951561071601077e+01
2.529123887318767316e+01,-2.836455953611266168e+01,1.910000000000000000e+02,1.000005726550421628e+02,1.000748096692366573e+02
1.681479725167968127e+02,-6.553037309525004162e+01,1.920000000000000000e+02,1.000008463836458787e+02,8.573015487821942315e+01
4.759208792208266914e+02,-9.241006306620084843e+01,1.930000000000000000e+02,1.000020305622484784e+02,9.281860309197939785e+01
4.415624348203890008e+02,1.425049074248625800e+02,1.940000000000000000e+02,1.000007214583991555e+02,9.862473099497840678e+01
2.918106554308110958e+02,6.691644034135100583e+01,1.950000000000000000e+02,1.000004971835459173e+02,9.739032658561316680e+01
1.671226760774664797e+02,-3.888194796311848904e+02,1.960000000000000000e+02,1.000004631827603845e+02,8.351519624619504611e+01
8.264625874785006943e+01,-4.214683787020782120e+02,1.970000000000000000e+02,1.000016346573902695e+02,7.830672536831957586e+01
-4.865525504500101874e+02,1.085767855958268910e+02,1.980000000000000000e+02,1.000017794702369116e+02,9.210676381691176573e+01
1.088563215338282646e+02,-1.434489625927331247e+01,1.990000000000000000e+02,1.000028852972324529e+02,1.009671704360488178e+02
3.315335278203190796e+02,3.406245528739427755e+02,2.000000000000000000e+02,1.000000386945048376e+02,8.595030911970198417e+01
-8.078459097944327993e+01,1.577970870018721428e+01,2.010000000000000000e+02,1.000006658938791304e+02,1.016569472214795553e+02
7.481362956643097561e+01,-1.026179141435658693e+02,2.020000000000000000e+02,1.000004185068716680e+02,1.027010366835365716e+02
-8.725148350998799174e+01,2.589750670955282317e+02,2.030000000000000000e+02,1.000003863540195539e+02,9.002693835096123109e+01
-3.461174221262689912e+02,1.609085128570400798e+02,2.040000000000000000e+02,1.000000582729511933e+02,8.736435346226703302e+01
-2.217543130462580621e+02,3.228356026982592653e+02,2.050000000000000000e+02,1.000003267848016577e+02,8.244329583346106460e+01
-1.087241333821889100e+02,2.634149322425140554e+02,2.060000000000000000e+02,1.000015989164143093e+02,8.602374272816477685e+01
4.721824598334375764e+02,-4.682849027733200842e+01,2.070000000000000000e+02,1.000003343647175171e+02,7.621775922687623961e+01
3.041874118438473715e+02,-2.790545290099652789e+02,2.080000000000000000e+02,1.000001004888569298e+02,8.317655740801120601e+01
2.387571070036924823e+02,-3.177631310947062389e+02,2.090000000000000000e+02,1.000021034799463990e+02,9.880300969565058722e+01
-6.400478714829158378e+01,-1.180298840339139872e+02,2.100000000000000000e+02,1.000010535658960862e+02,9.421605302069968957e+01
3.024280549263821740e+02,-3.948650313956075593e+02,2.110000000000000000e+02,1.000033497366762418e+02,8.666646146295873621e+01
7.018306871962703042e+01,8.921068464069142578e+01,2.120000000000000000e+02,1.000003068910468187e+02,8.949795241444864757e+01
1.825229831467003123e+02,1.011623409799874196e+02,2.130000000000000000e+02,1.000009382809145819e+02,1.028531516190534916e+02
-6.505455681130088408e+01,2.877551382342757620e+02,2.140000000000000000e+02,1.000010921885164947e+02,1.047760658678632240e+02
1.121318583522629524e+02,-1.366925872649141525e+02,2.150000000000000000e+02,1.000005457656917969e+02,8.489489471714202296e+01
1.259343678920780292e+02,-4.679741869437217474e+02,2.160000000000000000e+02,1.000003097369638994e+02,9.041850576866349343e+01
-2.286000525895564977e+02,-1.590495584364508943e+02,2.170000000000000000e+02,1.000018714510594720e+02,9.314306947826855776e+01
4.275099881349329678e+01,-4.515398316060990282e+02,2.180000000000000000e+02,1.000000307028285960e+02,1.013558206370913837e+02
2.488771750873666520e+02,6.667105859819929492e+01,2.190000000000000000e+02,1.000011021252500001e+02,8.619382010731858657e+01
5.603760072586244689e+01,-1.814213954730093192e+01,2.200000000000000000e+02,1.000029090421152773e+02,1.028431876034427432e+02
2.057338791830229923e+02,-1.180642356274279905e+02,2.210000000000000000e+02,1.000004463853319692e+02,1.038486876767500746e+02
2.816732617493210000e+02,2.245346374935207336e+02,2.220000000000000000e+02,1.000007188722575648e+02,9.834923573220045512e+01
-3.160014900339617157e+02,3.321848605000511157e+01,2.230000000000000000e+02,1.000012492253142113e+02,9.015864744015813415e+01
-3.667452859252290409e+02,-1.344105551658446416e+02,2.240000000000000000e+02,1.000010034480383894e+02,8.880089674825278223e+01
2.470784545063234532e+02,-4.277220521775512907e+01,2.250000000000000000e+02,1.000009241619559219e+02,8.591236349750398915e+01
-3.380425194148738228e+02,-9.550282714361824787e+01,2.260000000000000000e+02,1.000015194430962566e+02,9.373880716102284794e+01
-7.247082745286940053e+01,3.615100847314949419e+02,2.270000000000000000e+02,1.000008502910248183e+02,1.012454569276440992e+02
5.545766491091741024e+00,2.570574789323464415e+02,2.280000000000000000e+02,1.000000421728953057e+02,7.817110445191167400e+01
-3.465398995565367954e+02,-1.481657646666585926e+01,2.290000000000000000e+02,1.000004390605650002e+02,9.391843931612268648e+01
-1.222517416237046888e+02,-4.586922016313861263e+02,2.300000000000000000e+02,1.000000763051702535e+02,8.480842610001572268e+01
1.644294572548169242e+02,2.017479556272059682e+01,2.310000000000000000e+02,1.000008372022023480e+02,8.719269911926913608e+01
1.088959352351818524e+02,4.410700082057650775e+02,2.320000000000000000e+02,1.000001516425794961e+02,8.680893536833195867e+01
-1.650435576979479322e+02,-3.440817539356669386e+02,2.330000000000000000e+02,1.000000162524144827e+02,8.972293518288476832e+01
-1.676540826860038180e+02,2.768733733597024411e+02,2.340000000000000000e+02,1.000003067318773873e+02,8.524722769758550101e+01
9.109205310730953897e+01,9.628635992105260755e+01,2.350000000000000000e+02,1.000008022100796694e+02,8.879091549886685186e+01
-3.159834290796407004e+02,2.130244197949654961e+02,2.360000000000000000e+02,1.000000285888595499e+02,8.504762762178242497e+01
-1.525454805616007832e+02,-2.628804528866651822e+02,2.370000000000000000e+02,1.000010655356156235e+02,9.740477476266674728e+01
1.744260266397448333e+02,3.265366533761248320e+02,2.380000000000000000e+02,1.000033270890415196e+02,9.741241345631733850e+01
3.149157770382046806e+02,2.274004804995488200e+02,2.390000000000000000e+02,1.000014672978749815e+02,8.689261384295429025e+01
-2.210450341473962510e+02,-2.352530372837719597e+00,2.400000000000000000e+02,1.000004785120746362e+02,8.248625617088256945e+01
2.786495114739037717e+02,-3.397132794381411713e+02,2.410000000000000000e+02,1.000000005103464105e+02,7.912725467377420330e+01
1.977166539632013382e+02,-8.103732750115625549e+01,2.420000000000000000e+02,1.000000026476669461e+02,8.342240876203946698e+01
-3.059953543115756247e+02,2.534628377422517360e+02,2.430000000000000000e+02,1.000036014424152029e+02,8.487360272659469729e+01
-5.767154448549321444e+01,-1.360481402029351159e+02,2.440000000000000000e+02,1.000023680456800577e+02,1.008293034945493929e+02
1.606826863282567501e+02,-3.852184104456057412e+02,2.450000000000000000e+02,1.000013360416949837e+02,1.021842532576197726e+02
-2.394868416103085735e+02,3.055030902975075264e+02,2.460000000000000000e+02,1.000000332065252451e+02,8.377336911327550695e+01
-1.099668836308043467e+02,8.611742875485398940e+01,2.470000000000000000e+02,1.000012108800456048e+02,1.031262245527244374e+02
-1.753551369423716153e+02,-3.229721520234703291e+01,2.480000000000000000e+02,1.000007963532231230e+02,8.393612198883550946e+01
4.462843100705213146e+02,-1.526697224236616535e+01,2.490000000000000000e+02,1.000003346291908883e+02,7.886781784878331791e+01
-8.909296710346887949e+01,2.010098288796718293e+02,2.500000000000000000e+02,1.000014064312705102e+02,8.389241862523948612e+01
-2.217936613081242285e+02,2.275919911717711557e+02,2.510000000000000000e+02,1.000030611123010829e+02,7.780745487212841738e+01
3.612386363315105200e+02,-8.465862066017680831e+01,2.520000000000000000e+02,1.000005791778987998e+02,7.763530742431693454e+01
-9.050102519332102702e+01,4.187199797800662964e+02,2.530000000000000000e+02,1.000009496613248388e+02,8.476001378575546141e+01
2.664689346757526209e+02,-3.188287504927471900e+02,2.540000000000000000e+02,1.000007908458151462e+02,7.587182793591539109e+01
3.074201274499694136e+02,-3.812840105917378537e+02,2.550000000000000000e+02,1.000004803815480017e+02,9.591099295321558316e+01
5.604142717242593363e+01,-4.557233993921377646e+01,2.560000000000000000e+02,1.000010058409670677e+02,1.008079892396098245e+02
3.398173070564358227e+02,3.301406861043260506e+02,2.570000000000000000e+02,1.000026962408115452e+02,9.961183523494689496e+01
-1.293852532646416478e+02,3.274602008002262892e+02,2.580000000000000000e+02,1.000013193716049074e+02,7.981758889376853006e+01
4.147653471267083347e+01,-4.243543995592042961e+02,2.590000000000000000e+02,1.000023266027014728e+02,8.995436192405861675e+01
6.775687374300454735e+01,-4.767322178246071189e+02,2.600000000000000000e+02,1.000021270197899241e+02,1.040909575324124319e+02
-2.485634218839726941e+02,-3.518841430724782526e+02,2.610000000000000000e+02,1.000006193319038346e+02,8.182944615759545570e+01
2.983515414813431903e+02,3.537763358939391196e+02,2.620000000000000000e+02,1.000002195644696457e+02,1.035527634597110733e+02
-1.300437104669374548e+02,1.271508873060151075e+02,2.630000000000000000e+02,1.000001707570858116e+02,8.366005153890445456e+01
3.272993985084697783e+02,2.742001063451191953e+02,2.640000000000000000e+02,1.000010721771906503e+02,9.341944659656391536e+01
4.530861191076795649e+02,-1.203660399233862961e+02,2.650000000000000000e+02,1.000001931611474788e+02,8.033707892597986699e+01
8.957681140455777324e+01,-4.830756165946439182e+02,2.660000000000000000e+02,1.000007744036000616e+02,1.023958952752532241e+02
-2.368707695583114230e+02,-1.432132169744326120e+02,2.670000000000000000e+02,1.000004576318876275e+02,8.741292998518476054e+01
1.377492044986838948e+01,1.443475543544773565e+01,2.680000000000000000e+02,1.000018564336829172e+02,9.311379131200246206e+01
4.147997776027148689e+02,-2.477100129244448965e+02,2.690000000000000000e+02,1.000005108201349060e+02,1.014350602208922396e+02
9.762560540595598013e+01,-1.718596727127762165e+02,2.700000000000000000e+02,1.000019202097316224e+02,9.382658271826059604e+01
2.773324445613766898e+02,3.744920364320011572e+02,2.710000000000000000e+02,1.000006861558446758e+02,7.583446894971552865e+01
-2.441067520562436926e+02,-3.280219612228263486e+02,2.720000000000000000e+02,1.000001641635034133e+02,8.589208468771880689e+01
-3.155799638754796206e+02,6.602620967193387003e+01,2.730000000000000000e+02,1.000009148122768039e+02,9.800256736735735785e+01
-1.172593680157550438e+02,2.293446658313961279e+02,2.740000000000000000e+02,1.000020234883191534e+02,9.918934946841247324e+01
2.917195770640605588e+02,-1.053347277432581279e+02,2.750000000000000000e+02,1.000005306349124794e+02,8.398728526850177900e+01
-2.902372689113096840e+02,-1.847336058903246112e+02,2.760000000000000000e+02,1.000005457557594752e+02,1.004830731258181800e+02
-7.356577303054847050e+01,-3.942392450479092076e+02,2.770000000000000000e+02,1.000026639276192100e+02,9.917822818457452172e+01
2.100698957014515145e+02,8.634118158763166662e+01,2.780000000000000000e+02,1.000025375989741292e+02,8.752806811214244931e+01
1.261251051317322975e+02,3.775293706624581205e+02,2.790000000000000000e+02,1.000009374041801209e+02,9.850232864735426119e+01
-2.949708511952913454e+02,3.573064772694960425e+02,2.800000000000000000e+02,1.000008830107880726e+02,7.556327697343282068e+01
-1.596082380502351228e+01,5.636096622697414915e+01,2.810000000000000000e+02,1.000009534433656171e+02,1.010679996008056776e+02
1.030219632336964253e+02,5.677868942621218906e+01,2.820000000000000000e+02,1.000012676923699928e+02,9.414239420770439892e+01
-2.500562430894575243e+02,-3.700329448962821175e+02,2.830000000000000000e+02,1.000002925967592944e+02,9.449148304230695317e+01
3.275338095528528584e+02,-1.204270645062788958e+02,2.840000000000000000e+02,1.000006752522448750e+02,9.664624599143837713e+01
-4.898296067309726141e+02,-7.874336335179030755e+01,2.850000000000000000e+02,1.000010351970377371e+02,8.496516059888833183e+01
-1.211383130222574493e+02,-6.480705517819968975e+01,2.860000000000000000e+02,1.000002046619701019e+02,1.009166218112179081e+02
3.538600063052908808e+02,-2.605669185508272108e+02,2.870000000000000000e+02,1.000001210804854992e+02,1.009578397470613851e+02
-8.110188607501366675e+01,3.799222354321582173e+01,2.880000000000000000e+02,1.000002858422981831e+02,8.315970779455491879e+01
-2.869370025364522689e+02,-3.732514099855617928e+02,2.890000000000000000e+02,1.000048139666709375e+02,1.012881431767221301e+02
-3.983398232627529865e+02,2.064739418045672892e+02,2.900000000000000000e+02,1.000012391060624282e+02,8.761192885576632250e+01
-3.101515355067514292e+02,-1.921895283898689399e+02,2.910000000000000000e+02,1.000000747401295484e+02,8.883804863262558627e+01
1.561132418007275078e+02,-3.101046419788148683e+02,2.920000000000000000e+02,1.000023629731580286e+02,7.735064252568544418e+01
7.708415606976831214e+01,-4.270317515169451212e+02,2.930000000000000000e+02,1.000019221793941853e+02,7.963723114413640758e+01
1.504407087841811688e+02,4.990187253287555080e+01,2.940000000000000000e+02,1.000013380335525994e+02,8.714556377658833242e+01
1.963957237991050988e+02,3.581440532473986877e+02,2.950000000000000000e+02,1.000003621909630169e+02,9.010757979420256447e+01
-1.306630010630533718e+02,-3.341081750760691875e+02,2.960000000000000000e+02,1.000002812923672053e+02,9.181835654110915357e+01
4.288083973037391274e+02,-9.102101852097882784e+01,2.970000000000000000e+02,1.000004858959712521e+02,9.094938003279408179e+01
-1.957692739508671878e+02,1.381494248467635657e+02,2.980000000000000000e+02,1.000018202468258295e+02,7.929758503723668639e+01
-3.475934292206936504e+01,6.423700044510125906e+01,2.990000000000000000e+02,1.000002339028496010e+02,9.435717428277968111e+01
3.069299337972299782e+02,3.134246459324342595e+02,3.000000000000000000e+02,1.000010019871862283e+02,8.307174393111114341e+01
2.026918685136037368e+02,4.184304223565896450e+02,3.010000000000000000e+02,1.000001697600662283e+02,7.964404673078361441e+01
3.497220024597506267e+02,1.194318509903805534e+02,3.020000000000000000e+02,1.000005739534032045e+02,9.703185815323901409e+01
1.604041286644684021e+02,-2.197062048161758696e+02,3.030000000000000000e+02,1.000012981088496389e+02,9.663328915465288560e+01
-3.786870609873191142e+02,2.812432705653026233e+02,3.040000000000000000e+02,1.000010485526608477e+02,9.431469270499425761e+01
2.428795888012492696e+02,-1.414166257040250514e+02,3.050000000000000000e+02,1.000007384261704146e+02,7.930160329700942157e+01
4.700433350023267849e+02,-3.955161074516820463e+01,3.060000000000000000e+02,1.000003589270428677e+02,1.042960345519762910e+02
3.405320069030524337e+02,-2.952226195850444128e+02,3.070000000000000000e+02,1.000004456793348311e+02,9.776094073257613104e+01
2.414844526801602456e+02,-3.145586671190599191e+02,3.080000000000000000e+02,1.000005416646284999e+02,9.854905967888183227e+01
2.128133826274208786e+02,1.652107346100822269e+02,3.090000000000000000e+02,1.000004601150671562e+02,8.356378001339277262e+01
3.642223125320208510e+01,3.941188986090349431e+02,3.100000000000000000e+02,1.000014513045698266e+02,8.674911423401401578e+01
-3.031466852866983004e+02,-6.450244513968854676e+00,3.110000000000000000e+02,1.000002531941837560e+02,9.557445652076306430e+01
-4.597844996067271381e+02,-1.110525106919321843e+02,3.120000000000000000e+02,1.000008464509886181e+02,8.953753972842277165e+01
-7.344500002106952863e+00,-3.818953637207656016e+02,3.130000000000000000e+02,1.000012797704142429e+02,9.806179280617041627e+01
5.157685606599289230e+01,4.595244810897788312e+01,3.140000000000000000e+02,1.000008865103878577e+02,9.036373260755962633e+01
3.346538741566429280e+02,3.313752932459639169e+02,3.150000000000000000e+02,1.000015551955904698e+02,8.967361355865831740e+01
9.914251721993244360e+01,-1.013750611451952608e+02,3.160000000000000000e+02,1.000004635078437900e+02,9.683234922415313406e+01
3.014863940806839437e+01,1.929039301036718825e+02,3.170000000000000000e+02,1.000003270094146188e+02,1.040071480195327069e+02
-2.881660913324872126e+02,2.140574027649939026e+01,3.180000000000000000e+02,1.000001520841568521e+02,9.379546276267623739e+01
-1.190176735767585470e+01,1.091207354151775490e+02,3.190000000000000000e+02,1.000000680732925815e+02,9.253251579653068859e+01
-1.064281679351637280e+02,-3.019483725262201688e+02,3.200000000000000000e+02,1.000003833746457644e+02,1.008037208351234852e+02
1.040184799873171784e+01,-3.522353747717957617e+02,3.210000000000000000e+02,1.000003994057743597e+02,8.247875139183798865e+01
2.675794872933232114e+02,-2.468610118495116694e+02,3.220000000000000000e+02,1.000014785631772298e+02,8.736414622156101473e+01
-9.481331177003984578e+01,4.107172977850692632e+02,3.230000000000000000e+02,1.000003930039890889e+02,8.775582407767157633e+01
-2.787675110569176695e+02,3.798968546434613103e+01,3.240000000000000000e+02,1.000001840907746526e+02,8.355721644123377700e+01
1.817520678844026918e+02,-1.367866212115539604e+01,3.250000000000000000e+02,1.000027442858833098e+02,9.740063473116086357e+01
-2.831083758650199229e+02,-2.882481314004946853e+02,3.260000000000000000e+02,1.000001551352453220e+02,9.553931568514080652e+01
3.276321916059296768e+02,-4.814904260738941844e+01,3.270000000000000000e+02,1.000008684786148478e+02,8.872247613027134605e+01
-2.258106594984394988e+01,-8.065479312209909324e+01,3.280000000000000000e+02,1.000000148344754933e+02,9.459628300487494812e+01
1.447412694748954323e+02,-3.263099534214678670e+02,3.290000000000000000e+02,1.000005332216234564e+02,1.020110758652528489e+02
4.785760638811941021e+02,2.930520555236321556e+01,3.300000000000000000e+02,1.000001352387732254e+02,1.034333588019000274e+02
6.619822343710370660e+01,1.268445266094067705e+02,3.310000000000000000e+02,1.000019887080532754e+02,7.906619001269923785e+01
-1.454151644831862313e+02,-2.076105469844544018e+02,3.320000000000000000e+02,1.000001340697804295e+02,9.921931585880176385e+01
-4.170427269320670121e+02,1.573312583559184361e+02,3.330000000000000000e+02,1.000002132197686819e+02,8.671064892643656208e+01
2.848191397673023175e+02,-1.473391289729522384e+02,3.340000000000000000e+02,1.000013515181819628e+02,1.016635486949908369e+02
9.804360983280605524e+01,-3.461064844513178400e+02,3.350000000000000000e+02,1.000004885447993104e+02,9.132270703202496520e+01
-6.286259494184600527e+01,-2.990012363081988838e+02,3.360000000000000000e+02,1.000005524855814372e+02,8.342956633991479976e+01
2.206639830800462221e+02,-4.107741396408292189e+02,3.370000000000000000e+02,1.000005327053704889e+02,9.117567460254451817e+01
9.071227145942022219e+01,-3.912582691991966044e+02,3.380000000000000000e+02,1.000011871706630018e+02,8.296001694287471651e+01
-2.562481337487577662e+02,-2.096534977563429152e+02,3.390000000000000000e+02,1.000000179056701484e+02,1.003316081308483092e+02
-1.151650047076884009e+00,1.701229020559813421e+02,3.400000000000000000e+02,1.000011586653808564e+02,8.174593377288955764e+01
-7.842325373103911090e+01,1.134446265891767780e+02,3.410000000000000000e+02,1.000004985135940956e+02,8.028706145908324743e+01
3.281943813489091610e+01,-3.416195455054262311e+02,3.420000000000000000e+02,1.000004253400904872e+02,8.784284754379557114e+01
-2.469666261569527705e+02,2.923569263903626734e+02,3.430000000000000000e+02,1.000019557541978088e+02,1.038689523534239498e+02
-2.254205761165975730e+02,2.431472222711850293e+02,3.440000000000000000e+02,1.000003555264771080e+02,8.800046419657296326e+01
-3.213574905922687321e+02,3.786905617044111523e+02,3.450000000000000000e+02,1.000000541613190279e+02,8.621200655743619734e+01
2.290302292761486740e+02,3.571359531112576491e+01,3.460000000000000000e+02,1.000007912480349148e+02,7.954232092805389698e+01
-3.183251079159341543e+02,3.792750960088969236e+02,3.470000000000000000e+02,1.000000093969325690e+02,9.040653723558392585e+01
3.463031697999854259e+02,-4.949665795889460185e+01,3.480000000000000000e+02,1.000002695139539100e+02,1.021178210223302472e+02
-4.332590245549309884e+02,6.970397315220355949e+01,3.490000000000000000e+02,1.000007332237142776e+02,9.021919702281353182e+01
3.348275367064761099e+02,-1.600474227763386637e+02,3.500000000000000000e+02,1.000042777366343358e+02,1.000903069220123598e+02
1.610717814353775452e+02,6.052019854241871855e+01,3.510000000000000000e+02,1.000016299662012358e+02,9.790980623424694329e+01
-2.048985573333631010e+02,-4.062851466606966255e+02,3.520000000000000000e+02,1.000020949393877885e+02,9.305199471225154184e+01
2.191605591145214191e+02,1.575349205154013248e+02,3.530000000000000000e+02,1.000017479096934210e+02,8.251203212277731325e+01
3.824972422732511177e+02,2.195057648875203711e+02,3.540000000000000000e+02,1.000013469364710090e+02,9.028625353658826214e+01
2.697983957426161510e+02,2.510060681880756590e+02,3.550000000000000000e+02,1.000038916049071958e+02,9.829547591314386068e+01
-3.159105814132233832e+02,-1.099200228394753935e+02,3.560000000000000000e+02,1.000012642575973416e+02,8.078130986377647105e+01
2.286393224058691231e+01,4.270883430165133632e+02,3.570000000000000000e+02,1.000012058844069287e+02,9.677083145202007586e+01
4.508584420624457607e+02,-1.352161844394697710e+01,3.580000000000000000e+02,1.000006937816217345e+02,9.448638234793705237e+01
3.955459130859433117e+02,-8.470008667337077668e+01,3.590000000000000000e+02,1.000006329630186457e+02,1.002750867166439122e+02
-3.542206162379929424e+02,1.174446107433434037e+02,3.600000000000000000e+02,1.000001827921730921e+02,9.594633103847633038e+01
-7.091445420931336230e+01,3.390974223929841287e+02,3.610000000000000000e+02,1.000000616189340690e+02,8.571388121725499332e+01
1.101859889065804197e+02,3.433312454336819286e+01,3.620000000000000000e+02,1.000001120621259361e+02,1.012736533352780270e+02
-3.888430430405961715e+02,7.596658949477885869e+01,3.630000000000000000e+02,1.000003861146051349e+02,8.250585937622597044e+01
7.483626890068134685e+01,-4.524202011858494075e+02,3.640000000000000000e+02,1.000002673224708900e+02,1.045485322529040957e+02
3.277695295039877692e+02,-3.122493899635572348e+02,3.650000000000000000e+02,1.000016391829383622e+02,9.935651858529976721e+01
-2.817690804740610133e+02,3.758688328694718166e+02,3.660000000000000000e+02,1.000081985495160808e+02,1.005740157833052706e+02
-3.368318906162110693e+02,-1.926232807874224022e+02,3.670000000000000000e+02,1.000009580637385369e+02,8.513997230773745173e+01
7.986684433082409384e+01,-4.070997597102233954e+02,3.680000000000000000e+02,1.000008882746924712e+02,8.607908324093894237e+01
5.131032696810439120e+01,8.339179717353849242e+01,3.690000000000000000e+02,1.000009902359880272e+02,8.947461803422204696e+01
-1.372215676209335982e+02,9.269825011647787960e+01,3.700000000000000000e+02,1.000017809218506954e+02,9.300864849725438432e+01
2.256920274351208491e+02,4.076773572202238256e+02,3.710000000000000000e+02,1.000014996401982614e+02,8.977309673234798026e+01
3.546990336560266996e+02,-2.586314356334607396e+02,3.720000000000000000e+02,1.000012515952218024e+02,8.763926876701142987e+01
-1.027415495049039862e+02,3.522437489300231164e+02,3.730000000000000000e+02,1.000002274042770267e+02,8.830436777235532020e+01
4.021356142221590346e+01,-2.574155945736272315e+02,3.740000000000000000e+02,1.000014369313229992e+02,7.639094778921325712e+01
8.456386907103687633e+01,3.709634100692092034e+02,3.750000000000000000e+02,1.000021039270236258e+02,1.009375643658192132e+02
2.798845328022847525e+02,-3.515513504460466265e+02,3.760000000000000000e+02,1.000003788772692985e+02,1.010788417216554365e+02
2.384341723002938522e+02,1.666452250485874060e+02,3.770000000000000000e+02,1.000001763077207073e+02,8.135102597488489096e+01
-3.484263802530221028e+02,2.056370768601378813e+02,3.780000000000000000e+02,1.000020122246341856e+02,7.592997321746435091e+01
1.516914401694638457e+02,4.186948005136864026e+01,3.790000000000000000e+02,1.000029732466516776e+02,8.694990979637634609e+01
-2.060012731469999778e+02,4.649121193764649718e+01,3.800000000000000000e+02,1.000022419536340692e+02,8.279065175422472578e+01
3.309982828756774609e+01,-8.379904254625012072e+01,3.810000000000000000e+02,1.000007467832721488e+02,9.904214293293904348e+01
4.438409572784842680e+02,1.742302152890030698e+02,3.820000000000000000e+02,1.000006072042936012e+02,1.008475301400317505e+02
-2.292819414349165754e+02,-2.972413890210008276e+02,3.830000000000000000e+02,1.000015609211406939e+02,7.717655227866057999e+01
3.816084826091692150e+01,4.024155283364033835e+02,3.840000000000000000e+02,1.000002845252322601e+02,1.021883339332959650e+02
3.764812730965957144e+02,-1.031445056588048459e+02,3.850000000000000000e+02,1.000012186178422127e+02,8.583138593771242597e+01
1.558777098547644187e+02,2.873314554263595255e+02,3.860000000000000000e+02,1.000011211825520405e+02,7.931830558337583170e+01
1.479003238808036542e+02,-3.489909725094626083e+02,3.870000000000000000e+02,1.000005500036433830e+02,9.516493976509693198e+01
9.296658191496014467e+01,-4.361916248168915899e+01,3.880000000000000000e+02,1.000006287815865704e+02,9.748983125877865064e+01
-3.853333479939542485e+02,2.773628877907090100e+02,3.890000000000000000e+02,1.000010031223141311e+02,8.647335237443414258e+01
-1.898745781999282656e+02,-2.852215655100247318e+02,3.900000000000000000e+02,1.000010608864497499e+02,7.693444067038939238e+01
-1.443928213327836829e+02,-3.226910671416117111e+02,3.910000000000000000e+02,1.000002380432611631e+02,8.325346079828405266e+01
-1.528380422542321639e+02,1.806592728593768413e+02,3.920000000000000000e+02,1.000003861042302162e+02,8.815182742994744558e+01
2.962989231760876141e+00,2.519291097889372111e+01,3.930000000000000000e+02,1.000006040611294509e+02,1.008916492437258086e+02
-1.630248210895207990e+02,-2.919232290881101903e+02,3.940000000000000000e+02,1.000005468179856649e+02,1.045415291794207349e+02
-1.975290939250925533e+02,3.246796153658887647e+02,3.950000000000000000e+02,1.000000774391650111e+02,8.996810443900595544e+01
2.860912990238388716e+02,1.757497995027208049e+02,3.960000000000000000e+02,1.000008565815612087e+02,8.314154430305343624e+01
2.592216720256897489e+01,-4.854862724898163151e+02,3.970000000000000000e+02,1.000006222938187221e+02,8.217384386316111033e+01
-4.074472298323872224e+02,-2.819048274135634529e+02,3.980000000000000000e+02,1.000011599484319902e+02,9.313169978161880636e+01
9.157622839454800712e+00,2.338426000215097744e+01,3.990000000000000000e+02,1.000024389693613784e+02,9.595819602460986175e+01
-2.490471796083870117e+02,-2.568927831857563433e+02,4.000000000000000000e+02,1.000004680467156959e+02,8.662203539498931093e+01
-3.168109353789059242e+02,-9.750118245886294233e+01,4.010000000000000000e+02,2.000011940366343595e+02,0.000000000000000000e+00
-3.389229632163547876e+02,-5.795488092120735502e+01,4.020000000000000000e+02,2.000019500250884619e+02,0.000000000000000000e+00
-2.763394439774946250e+02,-9.135181333604784015e+00,4.030000000000000000e+02,2.000006774775505107e+02,0.000000000000000000e+00
-2.844358081477939777e+02,9.430002409859045542e+01,4.040000000000000000e+02,2.000011582705552371e+02,0.000000000000000000e+00
-2.320483700096081066e+02,-2.406029904760761085e+01,4.050000000000000000e+02,2.000028359939520328e+02,0.000000000000000000e+00
-3.100179957789163723e+02,-4.942925379424736576e+01,4.060000000000000000e+02,2.000010392571108184e+02,0.000000000000000000e+00
-3.849537912270326956e+02,6.624276628161673841e+00,4.070000000000000000e+02,2.000002847509563253e+02,0.000000000000000000e+00
-2.768699092956901495e+02,1.119818042547382042e+01,4.080000000000000000e+02,2.000048533758921110e+02,0.000000000000000000e+00
-3.230666832717304260e+02,7.804937906268139614e+01,4.090000000000000000e+02,2.000015489393957182e+02,0.000000000000000000e+00
-2.124891870994294720e+02,-3.713833004568265750e+01,4.100000000000000000e+02,2.000017686226429134e+02,0.000000000000000000e+00
-2.188535287257500386e+02,-3.731320512956163782e+01,4.110000000000000000e+02,2.000018056986157831e+02,0.000000000000000000e+00
-3.543864207139689597e+02,6.754802101092646005e+00,4.120000000000000000e+02,2.000046118362601817e+02,0.000000000000000000e+00
-3.621772292740539001e+02,2.125326523599916229e+01,4.130000000000000000e+02,2.000030957077333085e+02,0.000000000000000000e+00
-3.849584159040447844e+02,5.545389583707081016e+00,4.140000000000000000e+02,2.000004530456427005e+02,0.000000000000000000e+00
-2.646826105494097874e+02,-7.235083107440736683e+01,4.150000000000000000e+02,2.000001701086773096e+02,0.000000000000000000e+00
-3.793004491977737302e+02,4.895812541468631451e+01,4.160000000000000000e+02,2.000016895590813135e+02,0.000000000000000000e+00
-3.312035789082793258e+02,-6.254854839801886612e+01,4.170000000000000000e+02,2.000010103950061193e+02,0.000000000000000000e+00
-2.375136291518255405e+02,1.047466333354466883e+01,4.180000000000000000e+02,2.000083836546544944e+02,0.000000000000000000e+00
-3.259143757322160582e+02,-1.896556792962983806e+01,4.190000000000000000e+02,2.000037217728456085e+02,0.000000000000000000e+00
-2.808307288760266260e+02,8.509503803279987721e+01,4.200000000000000000e+02,2.000000857233325178e+02,0.000000000000000000e+00
-3.086462068504208673e+02,-4.389635281940136480e+01,4.210000000000000000e+02,2.000066809305652100e+02,0.000000000000000000e+00
-2.078935318692088288e+02,2.771410915737221714e+01,4.220000000000000000e+02,2.000007728005139427e+02,0.000000000000000000e+00
-3.320105639712415382e+02,5.898228536141130718e+01,4.230000000000000000e+02,2.000006537049440851e+02,0.000000000000000000e+00
-3.113788640310021378e+02,-4.043562796804916815e+00,4.240000000000000000e+02,2.000016055051242176e+02,0.000000000000000000e+00
-3.480450047199826713e+02,-4.279264815954974921e+01,4.250000000000000000e+02,2.000003775972592734e+02,0.000000000000000000e+00
-3.184809311574002777e+02,-7.900813287186512213e+00,4.260000000000000000e+02,2.000037097808776991e+02,0.000000000000000000e+00
-2.152069761576636324e+02,-1.087574984861392124e+01,4.270000000000000000e+02,2.000004975715503122e+02,0.000000000000000000e+00
-2.981399809462868120e+02,8.414132108433281587e+01,4.280000000000000000e+02,2.000034979861573561e+02,0.000000000000000000e+00
-3.235849230436446646e+02,-2.995387882925349388e+01,4.290000000000000000e+02,2.000001784145121917e+02,0.000000000000000000e+00
-2.663454892220849501e+02,2.555054444579078066e+01,4.300000000000000000e+02,2.000004321959095819e+02,0.000000000000000000e+00
-3.036156536049712145e+02,-9.809586272521974593e+01,4.310000000000000000e+02,2.000033196315268356e+02,0.000000000000000000e+00
-3.819035552087323140e+02,-2.245107811562442279e+01,4.320000000000000000e+02,2.000004155539441513e+02,0.000000000000000000e+00
-3.222076689275312447e+02,-5.044060158675195282e+01,4.330000000000000000e+02,2.000003804778937138e+02,0.000000000000000000e+00
-2.895943249257700813e+02,7.225648280044194394e+01,4.340000000000000000e+02,2.000001641742263985e+02,0.000000000000000000e+00
-3.109685791623055593e+02,-8.637061688199582932e+01,4.350000000000000000e+02,2.000050801306405504e+02,0.000000000000000000e+00
-2.622113386969834323e+02,8.826209528995386222e+01,4.360000000000000000e+02,2.000041128556950696e+02,0.000000000000000000e+00
-2.821916649408447597e+02,-5.145177607419201138e+01,4.370000000000000000e+02,2.000022141021987920e+02,0.000000000000000000e+00
-3.116936907976084967e+02,2.054401283882381080e+01,4.380000000000000000e+02,2.000051927175739763e+02,0.000000000000000000e+00
-2.197633730506002507e+02,-2.229224777574118832e+01,4.390000000000000000e+02,2.000013734297268684e+02,0.000000000000000000e+00
-2.096302089978578351e+02,7.206226908866801395e+00,4.400000000000000000e+02,2.000014775176448438e+02,0.000000000000000000e+00
-3.459210049113104901e+02,1.981016846045384838e+01,4.410000000000000000e+02,2.000015199153756384e+02,0.000000000000000000e+00
-3.128613124021102294e+02,-5.183092384795764929e+01,4.420000000000000000e+02,2.000012043960314259e+02,0.000000000000000000e+00
-3.613665772350995553e+02,2.894588143305668027e+01,4.430000000000000000e+02,2.000015381931530385e+02,0.000000000000000000e+00
-2.982074427478156053e+02,-6.507778916561468918e+01,4.440000000000000000e+02,2.000081672546591562e+02,0.000000000000000000e+00
-3.154710965655940527e+02,1.270282577154625869e+01,4.450000000000000000e+02,2.000051467909780172e+02,0.000000000000000000e+00
-2.233860507463273848e+02,-3.702229785625847480e+00,4.460000000000000000e+02,2.000039553723241283e+02,0.000000000000000000e+00
-3.134369756553551838e+02,1.124418209049164119e+01,4.470000000000000000e+02,2.000012475913850096e+02,0.000000000000000000e+00
-3.136066446983441551e+02,5.325616655157380563e+01,4.480000000000000000e+02,2.000009282082783670e+02,0.000000000000000000e+00
-2.325865818934823608e+02,1.304495374413856901e+01,4.490000000000000000e+02,2.000093115189341404e+02,0.000000000000000000e+00
-3.539595663341136174e+02,3.636276490362727998e+01,4.500000000000000000e+02,2.000057086706607095e+02,0.000000000000000000e+00
-2.187891935785059445e+02,-1.786319623053833539e+01,4.510000000000000000e+02,2.000004800591261755e+02,0.000000000000000000e+00
-2.886928318389765309e+02,9.245049343616305748e+01,4.520000000000000000e+02,2.000004278476622233e+02,0.000000000000000000e+00
-3.665241905103650311e+02,6.207571397331969365e+01,4.530000000000000000e+02,2.000022861547839739e+02,0.000000000000000000e+00
-3.808638033590731311e+02,-3.376450165256668523e+00,4.540000000000000000e+02,2.000018853106557231e+02,0.000000000000000000e+00
-3.394834910532663343e+02,-2.513578552856631987e+01,4.550000000000000000e+02,2.000006782772744032e+02,0.000000000000000000e+00
-3.733792726163075599e+02,-1.166161651580712366e+01,4.560000000000000000e+02,2.000006276985749309e+02,0.000000000000000000e+00
-2.501937166729479713e+02,5.037045351992647824e+01,4.570000000000000000e+02,2.000017091889745871e+02,0.000000000000000000e+00
-2.738145621877056328e+02,2.280550966404420876e+01,4.580000000000000000e+02,2.000000691869739740e+02,0.000000000000000000e+00
-2.800323023140194891e+02,5.333097588143033363e+00,4.590000000000000000e+02,2.000029276629505546e+02,0.000000000000000000e+00
-2.819084912622702745e+02,-2.754834470490174425e+01,4.600000000000000000e+02,2.000012426255964613e+02,0.000000000000000000e+00
-3.305882969985994464e+02,-9.257479820689708561e+01,4.610000000000000000e+02,2.000000427096087492e+02,0.000000000000000000e+00
-3.586989572598264431e+02,-7.965807621872959032e+01,4.620000000000000000e+02,2.000006938819447839e+02,0.000000000000000000e+00
-2.232687525913381137e+02,3.120052718223759314e+01,4.630000000000000000e+02,2.000001675141938904e+02,0.000000000000000000e+00
-3.297223143078903718e+02,4.431144756027114995e-01,4.640000000000000000e+02,2.000019027779784153e+02,0.000000000000000000e+00
-2.208675164636794648e+02,4.167009263901827687e+00,4.650000000000000000e+02,2.000013048296136162e+02,0.000000000000000000e+00
-2.908066261796711842e+02,-5.851252115683988819e+01,4.660000000000000000e+02,2.000057582910833673e+02,0.000000000000000000e+00
-2.356192486828735468e+02,-4.669800770882747543e+01,4.670000000000000000e+02,2.000002136840907383e+02,0.000000000000000000e+00
-3.993135298532267825e+02,-2.628466560060802593e+00,4.680000000000000000e+02,2.000018336852043888e+02,0.000000000000000000e+00
-2.437227564307906391e+02,-7.255960278701316657e-01,4.690000000000000000e+02,2.000022109828043142e+02,0.000000000000000000e+00
-2.174866961349991925e+02,3.875394199022387909e+01,4.700000000000000000e+02,2.000028146489459573e+02,0.000000000000000000e+00
-3.344555145226461832e+02,4.833817828937547034e+01,4.710000000000000000e+02,2.000012749100375515e+02,0.000000000000000000e+00
-3.213305782684536780e+02,-8.635800890862597612e+01,4.720000000000000000e+02,2.000002283567123982e+02,0.000000000000000000e+00
-2.363456250922719164e+02,1.963419276974125438e+01,4.730000000000000000e+02,2.000013004259970160e+02,0.000000000000000000e+00
-2.603982333612322577e+02,4.604752295797518258e+01,4.740000000000000000e+02,2.000022270336957604e+02,0.000000000000000000e+00
-2.030385851564639381e+02,-1.287513450736683751e+01,4.750000000000000000e+02,2.000059784635404014e+02,0.000000000000000000e+00
-2.507618396337466322e+02,-7.576618074109637746e+01,4.760000000000000000e+02,2.000007430123662004e+02,0.000000000000000000e+00
-2.714797015412635801e+02,-2.388037131259365964e+01,4.770000000000000000e+02,2.000010779554742726e+02,0.000000000000000000e+00
-2.686942822162314428e+02,6.737620558182715058e+01,4.780000000000000000e+02,2.000023618895222626e+02,0.000000000000000000e+00
-3.240728531556808889e+02,5.757910206429591682e+01,4.790000000000000000e+02,2.000045181214153160e+02,0.000000000000000000e+00
-2.831127128956352408e+02,6.930501801860545541e+00,4.800000000000000000e+02,2.000020447929408931e+02,0.000000000000000000e+00
-2.547683107408972205e+02,4.056174617331840437e+01,4.810000000000000000e+02,2.000001714577078928e+02,0.000000000000000000e+00
-2.296138437268535313e+02,2.643164794506763116e+01,4.820000000000000000e+02,2.000017786108208782e+02,0.000000000000000000e+00
-3.547596749401884608e+02,-4.923492953606162104e+01,4.830000000000000000e+02,2.000035832319130407e+02,0.000000000000000000e+00
-2.338931692903253179e+02,8.126023412192687090e+00,4.840000000000000000e+02,2.000013364905592823e+02,0.000000000000000000e+00
-3.859405372829351677e+02,2.199379062208245017e+01,4.850000000000000000e+02,2.000000591765889055e+02,0.000000000000000000e+00
-2.310228615932472280e+02,-1.780880655573060167e+01,4.860000000000000000e+02,2.000042761991328462e+02,0.000000000000000000e+00
-3.267970371758831902e+02,-8.759696631931893762e+01,4.870000000000000000e+02,2.000008363047263629e+02,0.000000000000000000e+00
-3.249502917846938317e+02,-6.693490756665443087e+01,4.880000000000000000e+02,2.000013734232987304e+02,0.000000000000000000e+00
-3.417453851295231289e+02,1.913656043763769432e+01,4.890000000000000000e+02,2.000006829590290636e+02,0.000000000000000000e+00
-2.924019290735166123e+02,-4.375784978322597141e+01,4.900000000000000000e+02,2.000001849926684656e+02,0.000000000000000000e+00
-3.799699138247175938e+02,-3.799223612163932984e+01,4.910000000000000000e+02,2.000014351390211687e+02,0.000000000000000000e+00
-3.488319935849340823e+02,-6.115322970818341730e+01,4.920000000000000000e+02,2.000001000338294546e+02,0.000000000000000000e+00
-2.679622752493527287e+02,7.003640500326659435e+01,4.930000000000000000e+02,2.000001071128584158e+02,0.000000000000000000e+00
-2.947433935558494795e+02,-2.815147454817646633e+01,4.940000000000000000e+02,2.000001006166014861e+02,0.000000000000000000e+00
-3.388921418272806250e+02,8.537244602209034383e+01,4.950000000000000000e+02,2.000010477786491663e+02,0.000000000000000000e+00
-3.586798225059012566e+02,5.728652045710936846e+01,4.960000000000000000e+02,2.000012486925768087e+02,0.000000000000000000e+00
-3.189218663370381819e+02,7.885007942106209100e+01,4.970000000000000000e+02,2.000012591812972005e+02,0.000000000000000000e+00
-2.688275000404296975e+02,-8.101756529768205439e+01,4.980000000000000000e+02,2.000012218712980427e+02,0.000000000000000000e+00
-2.038780415467042246e+02,5.489751581909457556e+00,4.990000000000000000e+02,2.000059267548551531e+02,0.000000000000000000e+00
-2.234199786104385339e+02,-2.138231831442640640e+01,5.000000000000000000e+02,2.000041176132824319e+02,0.000000000000000000e+00
-3.352074842151801590e+02,3.705166458632104565e+01,5.010000000000000000e+02,2.000016910680610067e+02,0.000000000000000000e+00
-2.280639424914834308e+02,-2.986007654327917038e+01,5.020000000000000000e+02,2.000005688766462413e+02,0.000000000000000000e+00
-3.051786922430997038e+02,-7.023042671759300504e+01,5.030000000000000000e+02,2.000015009511505184e+02,0.000000000000000000e+00
-2.693087191845707480e+02,3.022495156128687555e+01,5.040000000000000000e+02,2.000014683369583395e+02,0.000000000000000000e+00
-3.518962347388687704e+02,-7.240265177518529072e+01,5.050000000000000000e+02,2.000004339683928549e+02,0.000000000000000000e+00
-2.500679075761360934e+02,-3.030107006712239226e+01,5.060000000000000000e+02,2.000005946068485514e+02,0.000000000000000000e+00
-2.996700748453035317e+02,8.232930316662670123e+01,5.070000000000000000e+02,2.000040639666816276e+02,0.000000000000000000e+00
-2.370518170936880722e+02,2.920769003616037196e+01,5.080000000000000000e+02,2.000010897092186326e+02,0.000000000000000000e+00
-2.765788148192849576e+02,7.166415971669898966e+01,5.090000000000000000e+02,2.000010645857404938e+02,0.000000000000000000e+00
-2.592558723445184796e+02,-4.274233967758755415e-01,5.100000000000000000e+02,2.000000468937080598e+02,0.000000000000000000e+00
-2.443154769701608018e+02,-5.229514310057715676e+01,5.110000000000000000e+02,2.000005011698375483e+02,0.000000000000000000e+00
-2.683896909805009727e+02,9.260973586218642595e+01,5.120000000000000000e+02,2.000020429070769410e+02,0.000000000000000000e+00
-3.126801074593078056e+02,5.317944663204528410e+01,5.130000000000000000e+02,2.000012754556676953e+02,0.000000000000000000e+00
-3.618977414861705029e+02,-7.062211015681430837e+00,5.140000000000000000e+02,2.000012986526714940e+02,0.000000000000000000e+00
-3.047284912460769419e+02,1.858975845981396091e+01,5.150000000000000000e+02,2.000021792439353590e+02,0.000000000000000000e+00
-3.475437980880560076e+02,-4.685942735414843519e+00,5.160000000000000000e+02,2.000010631305862887e+02,0.000000000000000000e+00
-2.360620974363206983e+02,-6.567869088565895197e+01,5.170000000000000000e+02,2.000031422143925965e+02,0.000000000000000000e+00
-2.752584743863707217e+02,-3.427312304101971563e+01,5.180000000000000000e+02,2.000001831094131433e+02,0.000000000000000000e+00
-2.235761165283835226e+02,-1.599443470090165675e+01,5.190000000000000000e+02,2.000036357189772502e+02,0.000000000000000000e+00
-3.322802904022609027e+02,-8.828803579308939220e+01,5.200000000000000000e+02,2.000012150879141188e+02,0.000000000000000000e+00
-3.197197543132660940e+02,9.493136726345339227e+00,5.210000000000000000e+02,2.000088710473369247e+02,0.000000000000000000e+00
-2.524834566141312280e+02,5.855000519240984147e+01,5.220000000000000000e+02,2.000047970808707021e+02,0.000000000000000000e+00
-2.642630603077699902e+02,-5.185341786163758826e+01,5.230000000000000000e+02,2.000029968407819752e+02,0.000000000000000000e+00
-3.411826176755919846e+02,1.079725900152494944e+01,5.240000000000000000e+02,2.000065767315048220e+02,0.000000000000000000e+00
-3.415696172526419332e+02,-5.946189379043261169e+01,5.250000000000000000e+02,2.000011156125895582e+02,0.000000000000000000e+00
-3.149743621257425730e+02,4.830441972241649040e+01,5.260000000000000000e+02,2.000026082056166388e+02,0.000000000000000000e+00
-2.474789941957811834e+02,-3.048964775801347926e+01,5.270000000000000000e+02,2.000005694003088195e+02,0.000000000000000000e+00
-2.211671018810212388e+02,4.257552874780301977e+01,5.280000000000000000e+02,2.000032732478958337e+02,0.000000000000000000e+00
-2.541035038489200417e+02,5.365676896498051462e+01,5.290000000000000000e+02,2.000036132525816583e+02,0.000000000000000000e+00
-3.236384637788754048e+02,5.676667248264374876e+01,5.300000000000000000e+02,2.000007650996208213e+02,0.000000000000000000e+00
-3.145350737700441073e+02,-5.207935801264284947e+01,5.310000000000000000e+02,2.000000418582382906e+02,0.000000000000000000e+00
-3.378966125899175950e+02,-8.284678162222807885e+01,5.320000000000000000e+02,2.000023275117913499e+02,0.000000000000000000e+00
-3.072573524560669966e+02,-1.738029150531711764e+01,5.330000000000000000e+02,2.000044169020223137e+02,0.000000000000000000e+00
-2.451459071190389238e+02,-5.111270178665261454e+01,5.340000000000000000e+02,2.000010141400398425e+02,0.000000000000000000e+00
-3.395585009306464030e+02,-2.718709732163344839e+01,5.350000000000000000e+02,2.000059380670348901e+02,0.000000000000000000e+00
-2.285101843679343006e+02,-6.624557170085370217e+01,5.360000000000000000e+02,2.000009095625697171e+02,0.000000000000000000e+00
-2.401595320322248597e+02,4.197230859867821096e+01,5.370000000000000000e+02,2.000035446587029639e+02,0.000000000000000000e+00
-2.215510077750367373e+02,-2.167917865867807947e+01,5.380000000000000000e+02,2.000064497421537340e+02,0.000000000000000000e+00
-2.823553875947537790e+02,7.865004849022437838e+01,5.390000000000000000e+02,2.000023288396877490e+02,0.000000000000000000e+00
-2.370079218289756398e+02,-1.908351404190679901e+01,5.400000000000000000e+02,2.000003759337138831e+02,0.000000000000000000e+00
-2.274159662051584974e+02,-4.490480724545600211e+00,5.410000000000000000e+02,2.000003218596012857e+02,0.000000000000000000e+00
-2.244923882142688569e+02,-1.260892410739076475e+01,5.420000000000000000e+02,2.000027312230181451e+02,0.000000000000000000e+00
-2.050570654389911454e+02,2.230442728303881594e+01,5.430000000000000000e+02,2.000007406326984096e+02,0.000000000000000000e+00
-3.523118996306525332e+02,3.548455519236664202e+01,5.440000000000000000e+02,2.000006561393170159e+02,0.000000000000000000e+00
-2.345301607365099699e+02,1.485920976376555913e+01,5.450000000000000000e+02,2.000022379531770298e+02,0.000000000000000000e+00
-3.870910209166146387e+02,1.938632941126695286e+01,5.460000000000000000e+02,2.000010169315582118e+02,0.000000000000000000e+00
-3.064985749454020265e+02,-6.332484598471121728e+01,5.470000000000000000e+02,2.000009865012770547e+02,0.000000000000000000e+00
-3.879450506033145984e+02,4.726558120472270197e+00,5.480000000000000000e+02,2.000029184320384843e+02,0.000000000000000000e+00
-2.983801142056402114e+02,-5.963489364373512558e+01,5.490000000000000000e+02,2.000005602459050067e+02,0.000000000000000000e+00
-2.832703484283911735e+02,-9.339850532158411056e+01,5.500000000000000000e+02,2.000001653033141906e+02,0.000000000000000000e+00
3.150142573331714857e+02,8.885656296422402534e+01,5.510000000000000000e+02,2.000015456564791236e+02,0.000000000000000000e+00
3.809922007326654239e+02,4.046523663438751583e+01,5.520000000000000000e+02,2.000013976997393286e+02,0.000000000000000000e+00
2.786815283431242847e+02,8.066282845762928844e+01,5.530000000000000000e+02,2.000017016501645060e+02,0.000000000000000000e+00
2.818074545510247617e+02,6.152402782122804581e+01,5.540000000000000000e+02,2.000004185503725012e+02,0.000000000000000000e+00
3.107926007633317340e+02,-7.495855978808458531e+01,5.550000000000000000e+02,2.000002304955596060e+02,0.000000000000000000e+00
3.784419484515497061e+02,-8.142115599315614613e-03,5.560000000000000000e+02,2.000012841636203405e+02,0.000000000000000000e+00
3.799405566682701760e+02,4.697946713357467985e+01,5.570000000000000000e+02,2.000005288778695558e+02,0.000000000000000000e+00
3.107719658999611738e+02,-6.619948366672278439e+01,5.580000000000000000e+02,2.000019686764053972e+02,0.000000000000000000e+00
3.065827127444698021e+02,-7.952754286319894561e+00,5.590000000000000000e+02,2.000022219849921328e+02,0.000000000000000000e+00
3.281305388717746609e+02,4.397028732439639498e+01,5.600000000000000000e+02,2.000054472457733823e+02,0.000000000000000000e+00
2.239971478205525557e+02,2.302682061187883633e+01,5.610000000000000000e+02,2.000011901673886427e+02,0.000000000000000000e+00
2.798254424299562402e+02,3.571172015641849384e+01,5.620000000000000000e+02,2.000005814219050535e+02,0.000000000000000000e+00
3.238545729899863659e+02,-7.923055843137841237e+01,5.630000000000000000e+02,2.000000654464673175e+02,0.000000000000000000e+00
2.960406473386027528e+02,-8.874895539341484607e+01,5.640000000000000000e+02,2.000074972934153834e+02,0.000000000000000000e+00
2.287402546331211965e+02,1.004393307913449362e+01,5.650000000000000000e+02,2.000022042304156571e+02,0.000000000000000000e+00
2.784312210058856749e+02,2.626492475052598863e+01,5.660000000000000000e+02,2.000011431403114273e+02,0.000000000000000000e+00
2.556626843608660238e+02,8.072818216657212531e+01,5.670000000000000000e+02,2.000002581573741338e+02,0.000000000000000000e+00
3.692951447486238976e+02,-3.488056553651994562e+01,5.680000000000000000e+02,2.000016227934566473e+02,0.000000000000000000e+00
2.724641807629127470e+02,8.352041421113506203e+01,5.690000000000000000e+02,2.000008380146995819e+02,0.000000000000000000e+00
2.208475405224720021e+02,3.661065800239158108e+01,5.700000000000000000e+02,2.000036524375317981e+02,0.000000000000000000e+00
3.233574835696614400e+02,4.668588018184806998e+01,5.710000000000000000e+02,2.000003755106747292e+02,0.000000000000000000e+00
3.892130286862221737e+02,-1.071694585227337448e+01,5.720000000000000000e+02,2.000011144405348773e+02,0.000000000000000000e+00
2.496343869280351839e+02,-5.773107275590815846e+01,5.730000000000000000e+02,2.000002482383431186e+02,0.000000000000000000e+00
2.162597729978392920e+02,-1.144662622638744764e+01,5.740000000000000000e+02,2.000015961075498296e+02,0.000000000000000000e+00
2.745674494000623440e+02,1.030201591381873705e+01,5.750000000000000000e+02,2.000022070122425077e+02,0.000000000000000000e+00
3.762013394602552694e+02,-1.590099151763902086e+01,5.760000000000000000e+02,2.000007770960445441e+02,0.000000000000000000e+00
3.462212698834895832e+02,-7.601623309279803209e+01,5.770000000000000000e+02,2.000011792583150054e+02,0.000000000000000000e+00
3.655929028159963536e+02,-3.925735398420979294e+01,5.780000000000000000e+02,2.000041995778104251e+02,0.000000000000000000e+00
3.520431852850364294e+02,5.019419051245557206e+00,5.790000000000000000e+02,2.000042260299647410e+02,0.000000000000000000e+00
3.838528185883600941e+02,5.381303939704777051e+00,5.800000000000000000e+02,2.000012000313263911e+02,0.000000000000000000e+00
2.729175210563267910e+02,4.161510942280446557e+01,5.810000000000000000e+02,2.000008689271496678e+02,0.000000000000000000e+00
3.419102217098304095e+02,6.133848608920448031e-01,5.820000000000000000e+02,2.000002129188406457e+02,0.000000000000000000e+00
2.646083775873573245e+02,3.257106346053971890e+01,5.830000000000000000e+02,2.000012219410118348e+02,0.000000000000000000e+00
3.100354087215816890e+02,-2.843714741144750757e+00,5.840000000000000000e+02,2.000047153614845570e+02,0.000000000000000000e+00
3.253969176073072163e+02,-8.085292386773616613e+01,5.850000000000000000e+02,2.000009200984152358e+02,0.000000000000000000e+00
3.168963422280180566e+02,-7.439482289444107721e+01,5.860000000000000000e+02,2.000011019115954412e+02,0.000000000000000000e+00
3.733661337280279326e+02,-2.995328184912097669e+01,5.870000000000000000e+02,2.000016557548150331e+02,0.000000000000000000e+00
2.610211646566481818e+02,-4.533464207201804896e+01,5.880000000000000000e+02,2.000014728888383502e+02,0.000000000000000000e+00
2.744562435064278247e+02,2.388548615685537868e+01,5.890000000000000000e+02,2.000021965004003732e+02,0.000000000000000000e+00
3.960941254376483585e+02,1.814181720805470022e+01,5.900000000000000000e+02,2.000016506483266880e+02,0.000000000000000000e+00
2.514350613877502951e+02,3.906760965606012270e+00,5.910000000000000000e+02,2.000058912376135254e+02,0.000000000000000000e+00
3.717792518496851244e+02,5.902684611870347098e+00,5.920000000000000000e+02,2.000069133987562395e+02,0.000000000000000000e+00
2.953049709328060999e+02,1.025299930861842235e+01,5.930000000000000000e+02,2.000017346832973999e+02,0.000000000000000000e+00
3.071406818967164440e+02,1.258803025067052950e+01,5.940000000000000000e+02,2.000003786551197038e+02,0.000000000000000000e+00
3.518838885349614429e+02,2.002857542050908535e+01,5.950000000000000000e+02,2.000038349520491181e+02,0.000000000000000000e+00
3.196186531791608445e+02,-7.075163911080603896e+01,5.960000000000000000e+02,2.000029120113031524e+02,0.000000000000000000e+00
2.095868991263929502e+02,3.432567316480175634e+01,5.970000000000000000e+02,2.000025566362205041e+02,0.000000000000000000e+00
3.809857847992337838e+02,-3.500148224191875812e+01,5.980000000000000000e+02,2.000022622564410995e+02,0.000000000000000000e+00
3.138551190706552916e+02,-7.882664667752578680e+01,5.990000000000000000e+02,2.000000346883324767e+02,0.000000000000000000e+00
2.945698838684617726e+02,-9.888087269803624224e+01,6.000000000000000000e+02,2.000005626048955492e+02,0.000000000000000000e+00
3.127976270055616510e+02,-4.428879686819402650e+01,6.010000000000000000e+02,2.000001147790457310e+02,0.000000000000000000e+00
2.459616700239516263e+02,-2.725308871299303348e+01,6.020000000000000000e+02,2.000006819586126028e+02,0.000000000000000000e+00
3.442419567416617383e+02,8.782570452608210587e+01,6.030000000000000000e+02,2.000028886225829012e+02,0.000000000000000000e+00
2.944769960366058399e+02,-9.796425805521197105e+01,6.040000000000000000e+02,2.000011854417513746e+02,0.000000000000000000e+00
2.743211182821077045e+02,8.800657746916027691e+01,6.050000000000000000e+02,2.000017605217607866e+02,0.000000000000000000e+00
2.986652606022701661e+02,8.904844279351254954e+01,6.060000000000000000e+02,2.000038236370182005e+02,0.000000000000000000e+00
3.481693785438352506e+02,3.509322439695991136e+01,6.070000000000000000e+02,2.000069328438819696e+02,0.000000000000000000e+00
3.116648360281510008e+02,3.126805278988071990e+01,6.080000000000000000e+02,2.000010457228814005e+02,0.000000000000000000e+00
2.818613291780065992e+02,-9.910708649403657589e+00,6.090000000000000000e+02,2.000012566088707047e+02,0.000000000000000000e+00
2.357739818608885400e+02,-7.552105278535262300e+01,6.100000000000000000e+02,2.000003747603147417e+02,0.000000000000000000e+00
3.491459796979308408e+02,-2.191364617634256362e+01,6.110000000000000000e+02,2.000001876936597682e+02,0.000000000000000000e+00
3.190267426552268830e+02,-9.790707142879578839e+01,6.120000000000000000e+02,2.000014812805715678e+02,0.000000000000000000e+00
2.943100699909299465e+02,7.744253324705101704e+01,6.130000000000000000e+02,2.000009584960151301e+02,0.000000000000000000e+00
3.367231279137129718e+02,1.097934936614827173e+01,6.140000000000000000e+02,2.000008690334084349e+02,0.000000000000000000e+00
3.270907609450721907e+02,-5.325138316848543951e+01,6.150000000000000000e+02,2.000002106765761880e+02,0.000000000000000000e+00
3.115163543373998323e+02,8.688404534204096308e+00,6.160000000000000000e+02,2.000020674735604302e+02,0.000000000000000000e+00
3.482986971368160880e+02,-8.019283096726722704e+01,6.170000000000000000e+02,2.000015784966020931e+02,0.000000000000000000e+00
2.843778005460118266e+02,-8.895827802307832144e+01,6.180000000000000000e+02,2.000001711440627332e+02,0.000000000000000000e+00
2.780533317331476155e+02,-5.811413784824729589e+01,6.190000000000000000e+02,2.000030930879176481e+02,0.000000000000000000e+00
2.652847076095083025e+02,4.740736067261251208e+01,6.200000000000000000e+02,2.000005648697080289e+02,0.000000000000000000e+00
2.332355419305072814e+02,-6.829808614816400336e+01,6.210000000000000000e+02,2.000004573238288401e+02,0.000000000000000000e+00
2.914480038968499684e+02,-5.077198908084101348e+00,6.220000000000000000e+02,2.000029028520681891e+02,0.000000000000000000e+00
3.234659297643698324e+02,-7.910429227687745879e+01,6.230000000000000000e+02,2.000069220712312870e+02,0.000000000000000000e+00
3.270322234479892245e+02,1.185213660474052633e+00,6.240000000000000000e+02,2.000020495252949786e+02,0.000000000000000000e+00
2.959950694445977888e+02,-3.386019744942468179e+01,6.250000000000000000e+02,2.000018831057759314e+02,0.000000000000000000e+00
2.686070230462771633e+02,-7.748215361822653335e+01,6.260000000000000000e+02,2.000006608692778798e+02,0.000000000000000000e+00
3.392868418755971902e+02,-5.594474083651689966e+01,6.270000000000000000e+02,2.000000639666115205e+02,0.000000000000000000e+00
2.883807894440926134e+02,-5.564381128412190236e+01,6.280000000000000000e+02,2.000015684565632057e+02,0.000000000000000000e+00
3.101062008554345653e+02,3.191208365497410782e+01,6.290000000000000000e+02,2.000006724140668268e+02,0.000000000000000000e+00
2.349787114866210231e+02,-4.217366073298501306e+01,6.300000000000000000e+02,2.000032729701921994e+02,0.000000000000000000e+00
3.272585257390624633e+02,-6.049567517439387032e+00,6.310000000000000000e+02,2.000044400768819912e+02,0.000000000000000000e+00
2.455399998497165370e+02,-5.161172566291249098e+01,6.320000000000000000e+02,2.000008504359200003e+02,0.000000000000000000e+00
3.382211644880615609e+02,5.984370770157158148e+01,6.330000000000000000e+02,2.000018141589551419e+02,0.000000000000000000e+00
3.707582906565709209e+02,-2.661621540820632248e+01,6.340000000000000000e+02,2.000023048722013641e+02,0.000000000000000000e+00
3.271587601208746037e+02,-3.424562302365784205e+01,6.350000000000000000e+02,2.000032143648395788e+02,0.000000000000000000e+00
3.356664953430682203e+02,5.257180292915280972e+01,6.360000000000000000e+02,2.000086091161128365e+02,0.000000000000000000e+00
3.889996825588522142e+02,1.188225546439920732e+00,6.370000000000000000e+02,2.000037185813860958e+02,0.000000000000000000e+00
2.398519463578301156e+02,4.817241595453369030e+01,6.380000000000000000e+02,2.000030239588831762e+02,0.000000000000000000e+00
2.878374397791597517e+02,3.114941994251498159e+01,6.390000000000000000e+02,2.000002498328846912e+02,0.000000000000000000e+00
3.534774720496478722e+02,4.409941533730810193e+01,6.400000000000000000e+02,2.000031201137003904e+02,0.000000000000000000e+00
3.450092121438275399e+02,6.368305617053168532e+01,6.410000000000000000e+02,2.000068918627646894e+02,0.000000000000000000e+00
3.763350384707089233e+02,-4.713487283174104903e+01,6.420000000000000000e+02,2.000014666766379037e+02,0.000000000000000000e+00
3.704367551447708706e+02,-1.780973872783179246e+01,6.430000000000000000e+02,2.000007838163208191e+02,0.000000000000000000e+00
2.835191448715581828e+02,7.020876012752150075e+01,6.440000000000000000e+02,2.000006866624282509e+02,0.000000000000000000e+00
3.225772952802860800e+02,1.525614557572185115e+00,6.450000000000000000e+02,2.000022769991544180e+02,0.000000000000000000e+00
3.170150233099545858e+02,-2.009456454280358884e+01,6.460000000000000000e+02,2.000032480860645592e+02,0.000000000000000000e+00
3.685348470506953049e+02,3.947037016849176183e+01,6.470000000000000000e+02,2.000005557844892792e+02,0.000000000000000000e+00
2.575974210094452133e+02,5.752255817280467909e+01,6.480000000000000000e+02,2.000003507064204769e+02,0.000000000000000000e+00
3.016498578505516548e+02,3.277773151504980120e+01,6.490000000000000000e+02,2.000003570728055422e+02,0.000000000000000000e+00
3.354222190372339583e+02,3.057884644345265102e+01,6.500000000000000000e+02,2.000044836509434560e+02,0.000000000000000000e+00
2.324509657480559781e+02,-3.778417449122019178e+01,6.510000000000000000e+02,2.000011217186984709e+02,0.000000000000000000e+00
2.975639500096469874e+02,7.405640777925526663e+01,6.520000000000000000e+02,2.000001039931511571e+02,0.000000000000000000e+00
3.319901276499358005e+02,-6.224590539977092440e+00,6.530000000000000000e+02,2.000007542568298788e+02,0.000000000000000000e+00
3.314874061542190020e+02,2.698393017419836060e+00,6.540000000000000000e+02,2.000013094734723609e+02,0.000000000000000000e+00
2.193470562234856516e+02,-3.749435523361954381e+01,6.550000000000000000e+02,2.000012103255985778e+02,0.000000000000000000e+00
2.023203806995759351e+02,-2.020036976978269649e+01,6.560000000000000000e+02,2.000017541984342415e+02,0.000000000000000000e+00
3.458647309795125011e+02,5.866787517910714200e+01,6.570000000000000000e+02,2.000006133894936795e+02,0.000000000000000000e+00
2.950612789991968157e+02,-9.756424650865452008e+01,6.580000000000000000e+02,2.000002229721163189e+02,0.000000000000000000e+00
3.682541031191039451e+02,5.286585473990246697e+01,6.590000000000000000e+02,2.000027586972961160e+02,0.000000000000000000e+00
2.073125553998389705e+02,-2.695199551579935715e+01,6.600000000000000000e+02,2.000027540137200504e+02,0.000000000000000000e+00
2.655712297051020414e+02,5.161243863872670090e+01,6.610000000000000000e+02,2.000008686207675055e+02,0.000000000000000000e+00
3.231788501794866875e+02,-8.701888959890253261e+01,6.620000000000000000e+02,2.000053401070312304e+02,0.000000000000000000e+00
2.173882184978295413e+02,-1.121290651546201467e+01,6.630000000000000000e+02,2.000021077274045638e+02,0.000000000000000000e+00
3.365781139832731128e+02,-1.688930038209292661e+01,6.640000000000000000e+02,2.000045647685103347e+02,0.000000000000000000e+00
3.773103731475055724e+02,2.971801403709767087e+01,6.650000000000000000e+02,2.000069859700079462e+02,0.000000000000000000e+00
2.987507589732906013e+02,8.745495251861827057e+01,6.660000000000000000e+02,2.000016463152877009e+02,0.000000000000000000e+00
3.194494412585420946e+02,-3.706859081083755569e+01,6.670000000000000000e+02,2.000032498377345576e+02,0.000000000000000000e+00
3.357233149867164457e+02,-7.771478510723684963e+01,6.680000000000000000e+02,2.000054170683487769e+02,0.000000000000000000e+00
2.826048663064893276e+02,3.952544724579255586e+01,6.690000000000000000e+02,2.000029369379165018e+02,0.000000000000000000e+00
3.477833726179771929e+02,-6.124808736756857996e+01,6.700000000000000000e+02,2.000003926123371230e+02,0.000000000000000000e+00
2.464358517166714648e+02,5.641229033207354604e+01,6.710000000000000000e+02,2.000001615887088917e+02,0.000000000000000000e+00
3.471753254893658891e+02,8.411102662857521395e+00,6.720000000000000000e+02,2.000023044202743279e+02,0.000000000000000000e+00
3.248165612392689923e+02,6.700503796955986502e+01,6.730000000000000000e+02,2.000083050702652372e+02,0.000000000000000000e+00
3.710772892795537246e+02,-4.681058704390509462e+01,6.740000000000000000e+02,2.000015622731056908e+02,0.000000000000000000e+00
2.425547358328843757e+02,-6.921812483137809124e+01,6.750000000000000000e+02,2.000035702855936108e+02,0.000000000000000000e+00
2.727326520410522335e+02,5.088738270508612160e+00,6.760000000000000000e+02,2.000042802632015650e+02,0.000000000000000000e+00
3.422363208355238271e+02,-8.335113088493832834e+01,6.770000000000000000e+02,2.000030193603762427e+02,0.000000000000000000e+00
2.940313994642800139e+02,-4.680633784744236436e+01,6.780000000000000000e+02,2.000023060134542447e+02,0.000000000000000000e+00
3.214851075035466010e+02,-8.593860520802579117e+01,6.790000000000000000e+02,2.000034702201467098e+02,0.000000000000000000e+00
2.301168885072456192e+02,2.783963146272873956e+01,6.800000000000000000e+02,2.000078389912646060e+02,0.000000000000000000e+00
2.576919684887790254e+02,4.024802334476996180e+01,6.810000000000000000e+02,2.000047041722375809e+02,0.000000000000000000e+00
3.037089627404411658e+02,-2.947826288305985898e+01,6.820000000000000000e+02,2.000041335351540681e+02,0.000000000000000000e+00
3.741870441781244381e+02,5.919850232108706223e+01,6.830000000000000000e+02,2.000024195969616869e+02,0.000000000000000000e+00
2.981934897817907313e+02,6.495146555345029071e+01,6.840000000000000000e+02,2.000023962772631023e+02,0.000000000000000000e+00
3.633687993642259926e+02,-3.987905061177228561e+01,6.850000000000000000e+02,2.000062798683189556e+02,0.000000000000000000e+00
3.691996550697131738e+02,-3.257988118484722406e+01,6.860000000000000000e+02,2.000038378420964875e+02,0.000000000000000000e+00
2.032204198295846140e+02,-7.600546020473507802e+00,6.870000000000000000e+02,2.000001274636604762e+02,0.000000000000000000e+00
2.355138871826834759e+02,-1.358512540898090748e+01,6.880000000000000000e+02,2.000001989281221881e+02,0.000000000000000000e+00
2.688217845195048312e+02,8.921491823854111658e+01,6.890000000000000000e+02,2.000000388502457724e+02,0.000000000000000000e+00
3.348397073264555956e+02,5.817279561270760269e+01,6.900000000000000000e+02,2.000045119218380023e+02,0.000000000000000000e+00
3.669490258360883672e+02,-7.196918910316003348e+01,6.910000000000000000e+02,2.000130960731829646e+02,0.000000000000000000e+00
2.006401349860014989e+02,-3.057671995676030985e+00,6.920000000000000000e+02,2.000050555741674430e+02,0.000000000000000000e+00
3.600061680018900461e+02,-6.822518898932055542e+00,6.930000000000000000e+02,2.000015739313953986e+02,0.000000000000000000e+00
2.755743234539884270e+02,5.010937525385089231e+01,6.940000000000000000e+02,2.000074362539494928e+02,0.000000000000000000e+00
3.375352479357182460e+02,-8.280391791077995833e+01,6.950000000000000000e+02,2.000002034538678970e+02,0.000000000000000000e+00
2.926098707936269534e+02,9.962259902733441663e+01,6.960000000000000000e+02,2.000013501950813009e+02,0.000000000000000000e+00
3.840663975586442120e+02,-8.428121578478057430e+00,6.970000000000000000e+02,2.000020126062879342e+02,0.000000000000000000e+00
3.376554602848601121e+02,5.420345659508782177e+01,6.980000000000000000e+02,2.000003088336508767e+02,0.000000000000000000e+00
2.877900104923263598e+02,-4.548286079286205563e+01,6.990000000000000000e+02,2.000022507313405811e+02,0.000000000000000000e+00
3.024858652779765293e+02,-8.315125906995058358e+01,7.000000000000000000e+02,2.000026950273699242e+02,0.000000000000000000e+00
